-- MySQL dump 10.13  Distrib 5.7.17, for Win64 (x86_64)
--
-- Host: localhost    Database: risdatabase
-- ------------------------------------------------------
-- Server version	5.7.19-log

/*!40101 SET @OLD_CHARACTER_SET_CLIENT=@@CHARACTER_SET_CLIENT */;
/*!40101 SET @OLD_CHARACTER_SET_RESULTS=@@CHARACTER_SET_RESULTS */;
/*!40101 SET @OLD_COLLATION_CONNECTION=@@COLLATION_CONNECTION */;
/*!40101 SET NAMES utf8 */;
/*!40103 SET @OLD_TIME_ZONE=@@TIME_ZONE */;
/*!40103 SET TIME_ZONE='+00:00' */;
/*!40014 SET @OLD_UNIQUE_CHECKS=@@UNIQUE_CHECKS, UNIQUE_CHECKS=0 */;
/*!40014 SET @OLD_FOREIGN_KEY_CHECKS=@@FOREIGN_KEY_CHECKS, FOREIGN_KEY_CHECKS=0 */;
/*!40101 SET @OLD_SQL_MODE=@@SQL_MODE, SQL_MODE='NO_AUTO_VALUE_ON_ZERO' */;
/*!40111 SET @OLD_SQL_NOTES=@@SQL_NOTES, SQL_NOTES=0 */;

--
-- Table structure for table `modalityimage`
--

DROP TABLE IF EXISTS `modalityimage`;
/*!40101 SET @saved_cs_client     = @@character_set_client */;
/*!40101 SET character_set_client = utf8 */;
CREATE TABLE `modalityimage` (
  `modalityImageID` int(11) NOT NULL AUTO_INCREMENT,
  `modalityImageBlob` blob,
  `modalityImageName` varchar(45) DEFAULT NULL,
  `procedure_procedureId` int(11) NOT NULL,
  PRIMARY KEY (`modalityImageID`,`procedure_procedureId`),
  KEY `fk_modalityImage_procedure1_idx` (`procedure_procedureId`),
  CONSTRAINT `fk_modalityImage_procedure1` FOREIGN KEY (`procedure_procedureId`) REFERENCES `procedurelist` (`procedureId`) ON DELETE CASCADE ON UPDATE CASCADE
) ENGINE=InnoDB AUTO_INCREMENT=5 DEFAULT CHARSET=utf8;
/*!40101 SET character_set_client = @saved_cs_client */;

--
-- Dumping data for table `modalityimage`
--

LOCK TABLES `modalityimage` WRITE;
/*!40000 ALTER TABLE `modalityimage` DISABLE KEYS */;
INSERT INTO `modalityimage` VALUES (1,'\\\0JFIF\0\0\0\0\0\0\\0\0	\Z\Z\Z\Z( %!1!%)+...383-7(-.+\n\n\n\r-%%----------------------------+-------------+-------\0\0\"\0\\0\0\0\0\0\0\0\0\0\0\0\0\0\0\\0A\0\0\0\0!1AQ\"aq2#BRb\3r\\CSc\\\0\0\0\0\0\0\0\0\0\0\0\0\0\0\\0*\0\0\0\0\0\0\0\0!1A\"Qa#2q\\\0\0\0?\0`ghʽ)\Z\r\ p&ݲӬK2J\0IRu\"(\M\U<sP3eB\@\B\T) ;U:mbR\0N\\i!JI,\\^&pj\r*	\\8ewTr[\@o1@UqEjЈaBҗtꞕmG)ĺV5\(P\f#F\"\4/\Z\8T\BT\	a\9u\rby(*4\K,\E</+\)XO*BG\w\N!IRR]A$gVVb+zi\\M\'\\y.@c\\nZa%2$b: w	\0Ӳ/))Zf$:]\HgK}ܮ\wOb\I\n!¥\(Wj$v%\nI+\!dډTG_~*ѤI\\<X!J9I\?;yD8\	}]V\Pz~\&-$8Lď\'oF0ٴ%@PO]i\Mj5\p	?[\/\"(ES31\ce`*V_3\r\\`\D?ʒG\\)ޢPS\0R F&R(+ud	I\'q֑%0LHP%\<\$ĝT\;K>\b)(Ni\0S\,\+%:)OR $\Z}Ao!H$(X?\.3ydRH\\`\ԆfKm\&vP\Zކ\d\Lt\\\n2d\\J{9Ҳ\r\	FNC\\\cP)%\آ&&qLxy\nV7/	qx\.\\'\i\0QԆF@\0^셖%$\\v6P\ZI9\e)رԠG2s\\̞;Wkp\'Q*\&e$*\JUT*\\Tn@\W\I\=gԔz\r\Z9\H3\ҽ70-	̡\J4Q{u\\\AIij4KylI.\\"\OՑ{0\"f(fKɻ8A\f{i\R\0{\\\P!N,t#j|\	2\bSRs\g}\W&\\gK斲v\Tnԁ\JA d!$y\4\G\_\\049\\*\ \Z\\z/`Bn\p`rNUzG)gL\Ƅ=K\"T9\RlA\	qT\\V\`\s ZT\e\ Ru`\,\	bfF\M\Z\\bJ򨊔*}\\0V\Z\:aq)Kt<n`K/P\JNT\ZB褏RvW \R[\n~W\\q2h%`I\%3h\#\r\Zi\\r1jܵ{\`O-2:*\WyjyO|\?b֙A֛\\7\ZV\\; F,=,$Y\R=Yg\2\ZIZ\n\\M$>;\x5̨\r>pF.c&Xw\nX\\@LdJ\=\0))b\0\'?wU%K=X[G0G\Z[TQe\n덥\h3\:h\BVe!+QcYE y%\'V\\\ -rHq3sjV\^\\R\\ ңr̥!*\FH\ܾ\Z\0!J\bG\\0,\"\@~\>G+梁4gS\%H]Ôv\lE;\\j\2%\ jЏJYX>e\YDXK-)$f!\\bj49@%\&\ů-O)!%\0\k\\)YU0\E\(\H\ZfA\:ghS`gcY\fs\0^jQ\G\\\\0F`w|\]%\1ZQh)\+RAm\diQ\@>E@s3m,\0\r\h)e=۱T/\\\A|\"J5\Kup\0e\'b\!i@\N=\"\t2W)#\FҔRФъB[\\b_\0Vd\+\0ޱL7 7WIB\n2	|JP\\\\x\\$jT_\\j\ZDx5 3\\k;\s8\2j+bMS1YU\@SQb\\\Òy2fJ, c\f0*z\\0ǨOèAE2r\'BUnDNC;\n\!H)RT\XvuaP|\0^	*H\>QfK\Z]\\\\b\\IRҦl#3P*\\Ac\\\!FA&\ \0Ձa\(\D\\rj\Z\Z\II\\b\,KX$*Y\\ϛ\.+Sr\B\Rn\r\\\\}\\_\3Dɼ\)\]I7J@P\Zc9$%	#\0b\?ThA`vW>]\2AQpZ`2\D\U\\$\S9;,\0+vk\\r\\4\Vr)@Ճm\?c\n\\0(HgKR`\\@@rBju\K)\Zd\\BWV`H\\yҩKTVb+\+h\\\OK+\˔zԶ\b\.b\\%I*3M|4~	\'-L\X,YETK%W\'^JIJX@X\'*	\$y\)9ך\\#ĘM\\Z4DŁ\\\΄\\I&\a#rr\\\\0`Vq	̅&Vk\n\0\e0ቔ\0*RRb:2uލ\\%J	\S,\3LQ>S=\"wēYR(\`|\S}\iA\\\\\Lgd\rl2\\\r9e\#%ھq\d\0\8e\5#k\B,F\'*\x\N\"\\0IVvf0\Kxx\P29ztknJ-U\\;G^7hx\\\\### NR	\R4DhZ\! t(\0#)/\\f\Cl\݂#j`)#\dy\n\Zd˖I\"Q\0\\\0\+\K	)C\OH$(UKX\0_ѩ\?S-HKl\ZHg6\\09H/\\^ר\(	uJ\*GE\ad\\Sgb4?1\'<Θ̲R.Hg\rܴ\\\0\_?P>c\\k<c\\nfMr[95pI_Dϙ\<I\\\kv!\\zU(#R\\0J#9k8\0\\SJV\;!3]9\\4\R](ԋǟH\\0\b\(`H\\!}\iMn\)I!\6/\\8\0CyIUf/?1&}IÑ`\0\0\0\v7A;Z\,RHʳQ~Sve\'x\\e8^W(r\L2\\-+A%#\CO\$5rnA{[0\\<\Pg3EA/\J7\%\ZJ\ϣ fmvNl\\V̪\Z$&v=&N\fr(TM]\Z}\u\Z_2\\aA6\?^d\-5C94 WRzp\U*K\@\0Ϻy-\q\SA\%H!w41_\N\5j Vԣ$Ϥ5Z	QR\4ϢRGRM\Z&X<)RB\fJjbJ{;(Ax\\'Y/R$W3]$y\"R\IJQ>޵>Nzf\\nhgZ\\\V\Ox1*\hs뚬mB\tn\0\r72\씒\0̯X\I+J%,REBh\rl\p>\H\KQ\0P?$\\\\\0H@wR*-dT<k\ ~\,Bu\0ڹ\N[$\\\dT\\T\\.k5M\MصӰ7<@vD\$\\8^Aǐ\\r\0y\Jc^\\o\"h\9\~\xd\ǔ֊\f7x\lFѲX\51 ffq\n>`W\?=\KBzZTTZ\]ư)b2>Jj\Z[8f)\ΐ	K\C|\p2X2v*[ \W06++&Iy\\ޖo!\0	~rj\x\hZRY>97p\\P\G>q%wĐJd/J	r\0bK,T\sqV\"BrB\Zi\\\n\M#̘TPTI  RQD<vz\pO\\\r\鸍pO/|.W\n\_<u\p\1qQ\\uZg\4`4\&@\_\ǣyc\\\LD\0=^\B\\\\W\?\0\n_1)\r\_\!S\g\X>\'X\x\鷯2m?\VB;Q\W2\r	\>\f~ҕ6b+Zňp3556\08,2\\\0K.P+J\X\'5ޑ[M̔4\K\I)X\,|(%,\?\\:t&*3(by3M\f\2χc$бNt2BYor+\\\M\t\0p{TX+J?Hd\ª:bgFČ\TO\9\\\n̕\ T\"Z\ZVՒ\\`L@NpL$\0/\rJ_\ˈJUL/>\r\r4F\G:qՍh:w\ZzEc*d-WT\P/Q$v\\*\\\`\D\M(\%\,>\g0N\j\\%JB\\\B\!g\d,&\ \n2\\L\l\\\M\\\0\Zh|\	\REႛ\0QbR3(Kc\k\\LM&c\f)܊*:$UV̐MÄ\n72TXR\nHap\Zz&8(\\)YH\\\Pb|B\\$\#B\n\rN\| \Xp$wyK{$ݡ\l\ʗM\&\\\*s\z^XZĒ\\(\ \4\1tXx!@)|K\\IM>\T5\h @1#ɱFb\*\:zjH\/\Q/HUÁ\#\|^asELK,7Dφq>U\Z\0cҽa\nu%b(\\:\iғ\Zh_%\\'))\\YI?\d͙%\R+jgS\ )\\J\;l@\P\a\ʘ~+Ueͣ,(x\X\)7HU\P\nWu\"y%$\aIp9NS(\$ZI3%\JH(RRu\\1\BүF`\~>QpT\zR@z	z_\:\\\Ɨ{\t\SAдL@ 	)]\\\J(!TT\#Թ9gh%\pl\R\\03$\f) ǷXPL×1z\\'\E,&)\&(%`Тh!]u0V;H\0A\W\m]SO\gw;U+\YIV\-i!A>d~O\dU\z~G$)\nR%fg}wO\Xo2X\\\$:\\rFЋeXm\IH\\ќ\0\\\*\\\\0@9N\\{\;q9z\),&b-J6/jP.\j,\\⒙\J꒰C\.\So\=VT~f\.mܵZ<_\ȴ-*ҮK\=;\NB\,u宥lC\\d8Rt\n{\R2	4\Nsf\oɜkHN̚rJs)JG\\0I5`\9D\0\Af<:\C\&R	\"i9!e 0\Gyϓ\!\֦jTxf*u\%D|H2T!ӟﭨ\Cm ;\\K9^l]D3=R\0\\\0MJ\f\"*eIQ/FB^6	)*\AԚJA\\.mo|,t\9\AH)*g<\\\F(R\SZ\JTH?\M\'\"s#1 Y\n\&qR]\\)@\\-\%o Ty>d\*Sk¹u\>o#oFX#-\\Z3\9e\-Q}ĩo2g,479\0h׵\,_\0a\MI	I\#\\x\>w\\\7_2`I\ZMD_\_J\$0\\Չ/>s>>\h\4=\'(q\n)&<\{7^\'1* ,\x\1jU\=\rfZP\|&Ls#\O\,4\pT\nݡ<eSt9\	b?f=\RÅ\(P.\\a6⎝R&\"\0]\t\\$\H!\ZeX-)X^p\N]1dkTA#\\pS\\J̑EuRlvq\7,:BVe\cGbH(Z\rbzT\\DgHF븈\s\lS\0ԇd\'38f%:gΒ\Zl\nVX)۳Ƅ\\HR҉\YYMn\C\l5\\j\E\0eXI.v.#LsN|xMd}\'\nT\]\'0 ܿw\QVB\|CyG)4K\j=a71)RR\'\\\hIE\n\\+/L\^\\C/TLǠ\0\݈\*T\b)xrR*\n47Qo˳9)M\0RSr\0F[\\\'@@\2\+.Mi\\ӏ9J\\\D܁\W&\\\f)\;&3PS)61\:O\\qm\\ʔX\z6\\\dU4\?\\K\\\\4#%8,qZQ-eSZJ6-j\\I\\\A\{\7\âY,P@|\-mo\Z\\.j\?j\\׹fd\v$5s1\ZUl\50T\\\7`َ4ᐊ`l\~=\\ \Fm.iNT\Z\	?\A\nâIU\\0u\Xܵ3 qFk%\z\\іH+4rjt\G;ft֮\\07]\'P\)d\A\r\RTh\H%\\r[泚=\Wɦ\z86w8ĲT\,	ѶW\űBF\4<i$\"bz<\0q)\n\(ub]^qІ>\\'6\\l>\,\\6RT\\I\\D<Vx@sxI\c7ya,	K3r~d\Å^<\\\<gڼ+\^)e{\\$e$x\K,\\\pQF\Ztj\0u0\izuoh\I5@\Q,b%I!\0/\5\nt^VvK҆ś;\t)I~d\\Zae)\\nse=\ܧ0ؕ$)Ab\\n2T\V`3$?1[c֒阶MYw̎IB\.5JNc<)d4J?\^%)j]#5\nuNKG*$/%epʗ>\BGr2آR\Eh\\-*XJC{ulϚZV\B2(}Ŗ(\O(&$\"嚹ZZԤ \\\B\J29\RB\=\R\0h7a{,֥f9\1\z}Xg\eh !+]H5SƔ\"\+!D2Ajdd=\N[jF7%֩%IH\n\(kEriE*pM?(q\Tb,\\\ \b\5V_h\\RR߮ׄ\\ z\:\\H\;I)\(-S(b_\)$\^e_;z7sT ܶ~Q.^5\Zatۇ\93\ra\\ZZ\n75E3]\?=Bth\\Kwk\r}o%%Q܏ :{^J\# [`\̗\\~9s.\\\J	Z3fw\(G\ܵMK\jT\RI!\c{^V\\-\JjP;$Tx\*Pvp\S\Z\\\Z\1:\r%\u&^%7\C\T8\\<\\\+t@\ZoFb\N\ƧTP\=Nl\,\%2n\'\La\K\\{œF	SG(\0\\ӷٽe\|^SK\\\!\BG\\p\Xh\\=\G\/i1\'\-)\J\\\"*9\F\Y|1B\jM=#-@Q\'KPP*Mm\T?B{\\9N͈\B=B^\rFP\=H\\\bP,գrOp|DJi\~-\nO\r5N,No\!E것 u\\\BO\$\K\rؿ@\EhXp@ľ\K\?\\Ŧ,.\\JCXeK\椴\Q}Ji&D\a ]Zv\\$\00PJ\#Q\~iAFbF`\VH\0?R\\B)ZT4<\	\\X\IU(Fа\cF.ha\\\Z\w9RH*\˶\RՔ`\\"\XP\lrf֧,r\zeي\\\0L\0ȒR\\\%>`s~\E\0urr_ruIwXj̠^J;S\üQUNF\}N\N\\D%2\!)I%\m+3p\t\\qAk \Xr*\\G\r(P\Z0\\7OΑ`ZAR%@Q\n/^\\#<9V\0@\XCj_=\sӥ#M܁h/\rf`}\gB\.g\0׮\h\|jRIA\k(XRֺ\\l\\ $?\]I3W	&\%\\pD@\rhXd\	m\Pz\:\M*\\rB\\SxW5~\	eE,tTF[	\'D&w)b\êt\H%^\#4/\\DU\\\"\;(`\*E+ٹI\ᄌ2`\\Yqe]#yDB\D\\Gxl(5x!C(j״\ZYrԏ#\s]G_=\<\iuqMB\aF\?^}9O\\)as>c}@:[hԬZA\?\\L\-\W\dC\\(0\\0HuYT	o_`J*-\} ف\c\J>Dw!2\'1%oP]a=ڞIE>F&6QO\\\zt`H@\Y\rB~a\\X\A)py	})\\\n\\\uʚ{81]6\u:%+/2rR$)\\\r\)dB@%A\aȦ]\^¬(I&ǚ\[3!\eYR@v:޽m`\-j\0ga,,:4M\n\\	aD\0H}ʕu68\0\\/D\\*\(\H}Q\\bM\&\		b\nk￠:gJ\+ݴv\x@ R-\]4H_h͕%)\0\\źk\q2A\s8^(0\Z\OL%\\Z\äT5~\\\w\\җR\mh\d/J\\\f1\BTr\\f^\rx\\\rF%T`)XC\UaN\axDĹ`)b\r\ZRj\ɿ\!rInAu1UVIm\N`\q!AQp\4%\\\>\O\-*KV	8\\z\\pUr\\)oה/7ÔԚD\JDa99h%\&^+\\I97Cͽ\,\+0׋N\n&\Q.Lj:C!\5O\'h\Q\DŴO\\ZT\\nE\(K\ֽ;tFaQ\Q:W+F	\P?]H5h\n1,h?Fӊo_`Kj)\\'Հ\ȚX\]\2Z`\P|)}\\0<\A.K\\\u\0Y5H][o\̠H\hk\\C,\ok<-\R\n\K^\nr+J\=4LM\72pS\^7I+rTۏZ|h\Xj(s79\\ \@+\\Qq9JcC\03rO\f*d^\S fK)KJS^\rE\I\0\t\n\rl;\Lēs71,\Wˡ`<P%B\?x\leAV\\aRv,\"T\\\PAHcTbg\b\Z*9PHS^J\08LMTY`փg\0aLQŻ\ʓ@\/Xz/CR\(\\10G)\@\Z>+\!< m`\\\'*\qC\~>pb\n\\)NR,(\\\\\n\\$,T\\FԖG\\ѓ\A$^#ù\'\\\X,D.\nX׊w\n\\\Tw0:\i\ OH\Z\H\dADh\H\\f\ \A2eP\\Nw\\22&\n,9\J_vm\#\"}ATݨ\\rlKY$IV221\i\r8@a	燚$43dd(b$(\q	add8e+@{H\ R\22,$Dp\\\22&\nĤe\.\r(\Ȝ5\b:9S|Q!5H@JPW15>_&\#2i.\22%\Qa\xRGq\\'\AMxI#\F\## \','\"download.jpg\"',4),(2,'\\\0JFIF\0\0\0\0\0\0\\0\0	\Z\Z\Z\Z( %!1!%)+...383-7(-.+\n\n\n\r-%%----------------------------+-------------+-------\0\0\"\0\\0\0\0\0\0\0\0\0\0\0\0\0\0\0\\0A\0\0\0\0!1AQ\"aq2#BRb\3r\\CSc\\\0\0\0\0\0\0\0\0\0\0\0\0\0\0\\0*\0\0\0\0\0\0\0\0!1A\"Qa#2q\\\0\0\0?\0`ghʽ)\Z\r\ p&ݲӬK2J\0IRu\"(\M\U<sP3eB\@\B\T) ;U:mbR\0N\\i!JI,\\^&pj\r*	\\8ewTr[\@o1@UqEjЈaBҗtꞕmG)ĺV5\(P\f#F\"\4/\Z\8T\BT\	a\9u\rby(*4\K,\E</+\)XO*BG\w\N!IRR]A$gVVb+zi\\M\'\\y.@c\\nZa%2$b: w	\0Ӳ/))Zf$:]\HgK}ܮ\wOb\I\n!¥\(Wj$v%\nI+\!dډTG_~*ѤI\\<X!J9I\?;yD8\	}]V\Pz~\&-$8Lď\'oF0ٴ%@PO]i\Mj5\p	?[\/\"(ES31\ce`*V_3\r\\`\D?ʒG\\)ޢPS\0R F&R(+ud	I\'q֑%0LHP%\<\$ĝT\;K>\b)(Ni\0S\,\+%:)OR $\Z}Ao!H$(X?\.3ydRH\\`\ԆfKm\&vP\Zކ\d\Lt\\\n2d\\J{9Ҳ\r\	FNC\\\cP)%\آ&&qLxy\nV7/	qx\.\\'\i\0QԆF@\0^셖%$\\v6P\ZI9\e)رԠG2s\\̞;Wkp\'Q*\&e$*\JUT*\\Tn@\W\I\=gԔz\r\Z9\H3\ҽ70-	̡\J4Q{u\\\AIij4KylI.\\"\OՑ{0\"f(fKɻ8A\f{i\R\0{\\\P!N,t#j|\	2\bSRs\g}\W&\\gK斲v\Tnԁ\JA d!$y\4\G\_\\049\\*\ \Z\\z/`Bn\p`rNUzG)gL\Ƅ=K\"T9\RlA\	qT\\V\`\s ZT\e\ Ru`\,\	bfF\M\Z\\bJ򨊔*}\\0V\Z\:aq)Kt<n`K/P\JNT\ZB褏RvW \R[\n~W\\q2h%`I\%3h\#\r\Zi\\r1jܵ{\`O-2:*\WyjyO|\?b֙A֛\\7\ZV\\; F,=,$Y\R=Yg\2\ZIZ\n\\M$>;\x5̨\r>pF.c&Xw\nX\\@LdJ\=\0))b\0\'?wU%K=X[G0G\Z[TQe\n덥\h3\:h\BVe!+QcYE y%\'V\\\ -rHq3sjV\^\\R\\ ңr̥!*\FH\ܾ\Z\0!J\bG\\0,\"\@~\>G+梁4gS\%H]Ôv\lE;\\j\2%\ jЏJYX>e\YDXK-)$f!\\bj49@%\&\ů-O)!%\0\k\\)YU0\E\(\H\ZfA\:ghS`gcY\fs\0^jQ\G\\\\0F`w|\]%\1ZQh)\+RAm\diQ\@>E@s3m,\0\r\h)e=۱T/\\\A|\"J5\Kup\0e\'b\!i@\N=\"\t2W)#\FҔRФъB[\\b_\0Vd\+\0ޱL7 7WIB\n2	|JP\\\\x\\$jT_\\j\ZDx5 3\\k;\s8\2j+bMS1YU\@SQb\\\Òy2fJ, c\f0*z\\0ǨOèAE2r\'BUnDNC;\n\!H)RT\XvuaP|\0^	*H\>QfK\Z]\\\\b\\IRҦl#3P*\\Ac\\\!FA&\ \0Ձa\(\D\\rj\Z\Z\II\\b\,KX$*Y\\ϛ\.+Sr\B\Rn\r\\\\}\\_\3Dɼ\)\]I7J@P\Zc9$%	#\0b\?ThA`vW>]\2AQpZ`2\D\U\\$\S9;,\0+vk\\r\\4\Vr)@Ճm\?c\n\\0(HgKR`\\@@rBju\K)\Zd\\BWV`H\\yҩKTVb+\+h\\\OK+\˔zԶ\b\.b\\%I*3M|4~	\'-L\X,YETK%W\'^JIJX@X\'*	\$y\)9ך\\#ĘM\\Z4DŁ\\\΄\\I&\a#rr\\\\0`Vq	̅&Vk\n\0\e0ቔ\0*RRb:2uލ\\%J	\S,\3LQ>S=\"wēYR(\`|\S}\iA\\\\\Lgd\rl2\\\r9e\#%ھq\d\0\8e\5#k\B,F\'*\x\N\"\\0IVvf0\Kxx\P29ztknJ-U\\;G^7hx\\\\### NR	\R4DhZ\! t(\0#)/\\f\Cl\݂#j`)#\dy\n\Zd˖I\"Q\0\\\0\+\K	)C\OH$(UKX\0_ѩ\?S-HKl\ZHg6\\09H/\\^ר\(	uJ\*GE\ad\\Sgb4?1\'<Θ̲R.Hg\rܴ\\\0\_?P>c\\k<c\\nfMr[95pI_Dϙ\<I\\\kv!\\zU(#R\\0J#9k8\0\\SJV\;!3]9\\4\R](ԋǟH\\0\b\(`H\\!}\iMn\)I!\6/\\8\0CyIUf/?1&}IÑ`\0\0\0\v7A;Z\,RHʳQ~Sve\'x\\e8^W(r\L2\\-+A%#\CO\$5rnA{[0\\<\Pg3EA/\J7\%\ZJ\ϣ fmvNl\\V̪\Z$&v=&N\fr(TM]\Z}\u\Z_2\\aA6\?^d\-5C94 WRzp\U*K\@\0Ϻy-\q\SA\%H!w41_\N\5j Vԣ$Ϥ5Z	QR\4ϢRGRM\Z&X<)RB\fJjbJ{;(Ax\\'Y/R$W3]$y\"R\IJQ>޵>Nzf\\nhgZ\\\V\Ox1*\hs뚬mB\tn\0\r72\씒\0̯X\I+J%,REBh\rl\p>\H\KQ\0P?$\\\\\0H@wR*-dT<k\ ~\,Bu\0ڹ\N[$\\\dT\\T\\.k5M\MصӰ7<@vD\$\\8^Aǐ\\r\0y\Jc^\\o\"h\9\~\xd\ǔ֊\f7x\lFѲX\51 ffq\n>`W\?=\KBzZTTZ\]ư)b2>Jj\Z[8f)\ΐ	K\C|\p2X2v*[ \W06++&Iy\\ޖo!\0	~rj\x\hZRY>97p\\P\G>q%wĐJd/J	r\0bK,T\sqV\"BrB\Zi\\\n\M#̘TPTI  RQD<vz\pO\\\r\鸍pO/|.W\n\_<u\p\1qQ\\uZg\4`4\&@\_\ǣyc\\\LD\0=^\B\\\\W\?\0\n_1)\r\_\!S\g\X>\'X\x\鷯2m?\VB;Q\W2\r	\>\f~ҕ6b+Zňp3556\08,2\\\0K.P+J\X\'5ޑ[M̔4\K\I)X\,|(%,\?\\:t&*3(by3M\f\2χc$бNt2BYor+\\\M\t\0p{TX+J?Hd\ª:bgFČ\TO\9\\\n̕\ T\"Z\ZVՒ\\`L@NpL$\0/\rJ_\ˈJUL/>\r\r4F\G:qՍh:w\ZzEc*d-WT\P/Q$v\\*\\\`\D\M(\%\,>\g0N\j\\%JB\\\B\!g\d,&\ \n2\\L\l\\\M\\\0\Zh|\	\REႛ\0QbR3(Kc\k\\LM&c\f)܊*:$UV̐MÄ\n72TXR\nHap\Zz&8(\\)YH\\\Pb|B\\$\#B\n\rN\| \Xp$wyK{$ݡ\l\ʗM\&\\\*s\z^XZĒ\\(\ \4\1tXx!@)|K\\IM>\T5\h @1#ɱFb\*\:zjH\/\Q/HUÁ\#\|^asELK,7Dφq>U\Z\0cҽa\nu%b(\\:\iғ\Zh_%\\'))\\YI?\d͙%\R+jgS\ )\\J\;l@\P\a\ʘ~+Ueͣ,(x\X\)7HU\P\nWu\"y%$\aIp9NS(\$ZI3%\JH(RRu\\1\BүF`\~>QpT\zR@z	z_\:\\\Ɨ{\t\SAдL@ 	)]\\\J(!TT\#Թ9gh%\pl\R\\03$\f) ǷXPL×1z\\'\E,&)\&(%`Тh!]u0V;H\0A\W\m]SO\gw;U+\YIV\-i!A>d~O\dU\z~G$)\nR%fg}wO\Xo2X\\\$:\\rFЋeXm\IH\\ќ\0\\\*\\\\0@9N\\{\;q9z\),&b-J6/jP.\j,\\⒙\J꒰C\.\So\=VT~f\.mܵZ<_\ȴ-*ҮK\=;\NB\,u宥lC\\d8Rt\n{\R2	4\Nsf\oɜkHN̚rJs)JG\\0I5`\9D\0\Af<:\C\&R	\"i9!e 0\Gyϓ\!\֦jTxf*u\%D|H2T!ӟﭨ\Cm ;\\K9^l]D3=R\0\\\0MJ\f\"*eIQ/FB^6	)*\AԚJA\\.mo|,t\9\AH)*g<\\\F(R\SZ\JTH?\M\'\"s#1 Y\n\&qR]\\)@\\-\%o Ty>d\*Sk¹u\>o#oFX#-\\Z3\9e\-Q}ĩo2g,479\0h׵\,_\0a\MI	I\#\\x\>w\\\7_2`I\ZMD_\_J\$0\\Չ/>s>>\h\4=\'(q\n)&<\{7^\'1* ,\x\1jU\=\rfZP\|&Ls#\O\,4\pT\nݡ<eSt9\	b?f=\RÅ\(P.\\a6⎝R&\"\0]\t\\$\H!\ZeX-)X^p\N]1dkTA#\\pS\\J̑EuRlvq\7,:BVe\cGbH(Z\rbzT\\DgHF븈\s\lS\0ԇd\'38f%:gΒ\Zl\nVX)۳Ƅ\\HR҉\YYMn\C\l5\\j\E\0eXI.v.#LsN|xMd}\'\nT\]\'0 ܿw\QVB\|CyG)4K\j=a71)RR\'\\\hIE\n\\+/L\^\\C/TLǠ\0\݈\*T\b)xrR*\n47Qo˳9)M\0RSr\0F[\\\'@@\2\+.Mi\\ӏ9J\\\D܁\W&\\\f)\;&3PS)61\:O\\qm\\ʔX\z6\\\dU4\?\\K\\\\4#%8,qZQ-eSZJ6-j\\I\\\A\{\7\âY,P@|\-mo\Z\\.j\?j\\׹fd\v$5s1\ZUl\50T\\\7`َ4ᐊ`l\~=\\ \Fm.iNT\Z\	?\A\nâIU\\0u\Xܵ3 qFk%\z\\іH+4rjt\G;ft֮\\07]\'P\)d\A\r\RTh\H%\\r[泚=\Wɦ\z86w8ĲT\,	ѶW\űBF\4<i$\"bz<\0q)\n\(ub]^qІ>\\'6\\l>\,\\6RT\\I\\D<Vx@sxI\c7ya,	K3r~d\Å^<\\\<gڼ+\^)e{\\$e$x\K,\\\pQF\Ztj\0u0\izuoh\I5@\Q,b%I!\0/\5\nt^VvK҆ś;\t)I~d\\Zae)\\nse=\ܧ0ؕ$)Ab\\n2T\V`3$?1[c֒阶MYw̎IB\.5JNc<)d4J?\^%)j]#5\nuNKG*$/%epʗ>\BGr2آR\Eh\\-*XJC{ulϚZV\B2(}Ŗ(\O(&$\"嚹ZZԤ \\\B\J29\RB\=\R\0h7a{,֥f9\1\z}Xg\eh !+]H5SƔ\"\+!D2Ajdd=\N[jF7%֩%IH\n\(kEriE*pM?(q\Tb,\\\ \b\5V_h\\RR߮ׄ\\ z\:\\H\;I)\(-S(b_\)$\^e_;z7sT ܶ~Q.^5\Zatۇ\93\ra\\ZZ\n75E3]\?=Bth\\Kwk\r}o%%Q܏ :{^J\# [`\̗\\~9s.\\\J	Z3fw\(G\ܵMK\jT\RI!\c{^V\\-\JjP;$Tx\*Pvp\S\Z\\\Z\1:\r%\u&^%7\C\T8\\<\\\+t@\ZoFb\N\ƧTP\=Nl\,\%2n\'\La\K\\{œF	SG(\0\\ӷٽe\|^SK\\\!\BG\\p\Xh\\=\G\/i1\'\-)\J\\\"*9\F\Y|1B\jM=#-@Q\'KPP*Mm\T?B{\\9N͈\B=B^\rFP\=H\\\bP,գrOp|DJi\~-\nO\r5N,No\!E것 u\\\BO\$\K\rؿ@\EhXp@ľ\K\?\\Ŧ,.\\JCXeK\椴\Q}Ji&D\a ]Zv\\$\00PJ\#Q\~iAFbF`\VH\0?R\\B)ZT4<\	\\X\IU(Fа\cF.ha\\\Z\w9RH*\˶\RՔ`\\"\XP\lrf֧,r\zeي\\\0L\0ȒR\\\%>`s~\E\0urr_ruIwXj̠^J;S\üQUNF\}N\N\\D%2\!)I%\m+3p\t\\qAk \Xr*\\G\r(P\Z0\\7OΑ`ZAR%@Q\n/^\\#<9V\0@\XCj_=\sӥ#M܁h/\rf`}\gB\.g\0׮\h\|jRIA\k(XRֺ\\l\\ $?\]I3W	&\%\\pD@\rhXd\	m\Pz\:\M*\\rB\\SxW5~\	eE,tTF[	\'D&w)b\êt\H%^\#4/\\DU\\\"\;(`\*E+ٹI\ᄌ2`\\Yqe]#yDB\D\\Gxl(5x!C(j״\ZYrԏ#\s]G_=\<\iuqMB\aF\?^}9O\\)as>c}@:[hԬZA\?\\L\-\W\dC\\(0\\0HuYT	o_`J*-\} ف\c\J>Dw!2\'1%oP]a=ڞIE>F&6QO\\\zt`H@\Y\rB~a\\X\A)py	})\\\n\\\uʚ{81]6\u:%+/2rR$)\\\r\)dB@%A\aȦ]\^¬(I&ǚ\[3!\eYR@v:޽m`\-j\0ga,,:4M\n\\	aD\0H}ʕu68\0\\/D\\*\(\H}Q\\bM\&\		b\nk￠:gJ\+ݴv\x@ R-\]4H_h͕%)\0\\źk\q2A\s8^(0\Z\OL%\\Z\äT5~\\\w\\җR\mh\d/J\\\f1\BTr\\f^\rx\\\rF%T`)XC\UaN\axDĹ`)b\r\ZRj\ɿ\!rInAu1UVIm\N`\q!AQp\4%\\\>\O\-*KV	8\\z\\pUr\\)oה/7ÔԚD\JDa99h%\&^+\\I97Cͽ\,\+0׋N\n&\Q.Lj:C!\5O\'h\Q\DŴO\\ZT\\nE\(K\ֽ;tFaQ\Q:W+F	\P?]H5h\n1,h?Fӊo_`Kj)\\'Հ\ȚX\]\2Z`\P|)}\\0<\A.K\\\u\0Y5H][o\̠H\hk\\C,\ok<-\R\n\K^\nr+J\=4LM\72pS\^7I+rTۏZ|h\Xj(s79\\ \@+\\Qq9JcC\03rO\f*d^\S fK)KJS^\rE\I\0\t\n\rl;\Lēs71,\Wˡ`<P%B\?x\leAV\\aRv,\"T\\\PAHcTbg\b\Z*9PHS^J\08LMTY`փg\0aLQŻ\ʓ@\/Xz/CR\(\\10G)\@\Z>+\!< m`\\\'*\qC\~>pb\n\\)NR,(\\\\\n\\$,T\\FԖG\\ѓ\A$^#ù\'\\\X,D.\nX׊w\n\\\Tw0:\i\ OH\Z\H\dADh\H\\f\ \A2eP\\Nw\\22&\n,9\J_vm\#\"}ATݨ\\rlKY$IV221\i\r8@a	燚$43dd(b$(\q	add8e+@{H\ R\22,$Dp\\\22&\nĤe\.\r(\Ȝ5\b:9S|Q!5H@JPW15>_&\#2i.\22%\Qa\xRGq\\'\AMxI#\F\## \','\"download.jpg\"',4),(3,'\\\0JFIF\0\0`\0`\0\0\\0C\0\n\n\n		\n\Z%\Z# , #&\')*)-0-(0%()(\\0C\n\n\n\n(\Z\Z((((((((((((((((((((((((((((((((((((((((((((((((((\0>\"\0\\0\0\0\0\0\0\0\0\0\0\0	\n\\0\0\0\0}\0!1AQa\"q2#BR\$3br	\n\Z%&\'()*456789:CDEFGHIJSTUVWXYZcdefghijstuvwxyz\\\\\\\\\\\\\\\\\\\\\\\\\\\\\\0\0\0\0\0\0\0\0	\n\\0\0\0w\0!1AQaq\"2B	#3Rbr\\n$4\%\Z&\'()*56789:CDEFGHIJSTUVWXYZcdefghijstuvwxyz\\\\\\\\\\\\\\\\\\\\\\\\\\\\\0\0\0?\0\\ޣZ.x\yRօ\5hC\Z\\qGAI\\0\sQ㚐ny x^:ФSץZ\)긧\H BSF@\NE5c.H^i1i\>T5!QhL\\J~knN)9\NĔ\qaMY`Ur;\nI=h\ˊUz\nii\49c*P8(\+;\0f\piҐCV\\EQJ&\\rY\\A \7\DsT\Sjp\\j c^kUM+J\\e7L3O\\3Rx\\n\~QֳUVRv8N\\.G<YRZs\k=\ii@:Rd\\mzQOT\uh\GN)\(\+\䌭}+4J\$kѵ$h\"x\0edR~qdePMq;{fȲ=+J\=3u{ĳ\]j7%iM9\}\\{⤹	.m;!irF\\'\##ҠS^\V\ԗ4TyQU`;i\x5E*A\fC\W4+qM\r\fdH[&j2٤U\S㚨֦FL]dqҞzsP\\qO\'=+DB,\}pM0֜ԽF5};\e]Ncq\޲\5\\\FE?}EsL1\ֲ\TrR\	֚\\'APJޕb \0\R53\6\L\0\R\n@Ê*6<T\E\2:SGZRm@\RCUs\\KR%ȟ#\rM3\'\\V`&0isSnq-H\\'&&/\C,w\)6PF\nip\0`\\)vsn\yN9C/J\Elnm\\\0kġ.D](3;*@b+\!cJ;p*\u7S21HDj\Z;\H\hثF9D\\\>,od\\\!&賁\\0Q\q^\\\[ȮSH\Kgh匆WSt \\嚺֞fNN.\#\-2\E\Q\ѿ\[9<kAg\kO\C5\\\RWhE4-&\:l+{mfn\\0py;{\#_47O\\[\i;8#$\+F˯O74_\ψ\^>բ\\h@\cf-zeD\\x\Z}7օqA\4S<\C~\4\\"eoZpn*lP$\ER%sL\r%\P459[9\H\q֠S֫a{T\Re\"\M\RT\ji\Z>[\'5\"5;\xb5)v\\\^ȸ\'\"ᥝ=j/ڔe\0\<W9r\%\\X\*9\LA\}kz\Q/#GޠBL\Z$W!\4\`)3Q3T;f݁U5.sBd}\eʧ\n˦\̲k.}(F\99\)	$*B\29>42 \N\#c\i\\D\؇۱ywzDe-^+\-\\;\nKh(\\f$\UZZTST|Gjm4@<\-\`8ɬ,J\|W>_O\\j\HI\{\F@ri괠Sl\0Ly\c4LRcc!#D\\*\)wJԊ.\nY\H\νw\\\Z>#h\f6>il\\w\x\\~SoR\p\\WK\\wP׮mF@B\r\Z\")5]]\03\\\\S\z\\	dݷZ\!\?޶|=\\0\Z(1\\'\\\Fm\#O=׿QXz.\嬚~%6YN\nЃ\֔\fԵL\$\5?	k\ZNnaz\\S\A\|k\w\v\\\Z\\9D`H\\\I8\<Z\3v\B (6QN\sx&\j-\\n,\"aIJ(\Dż)\Z7uZ^i^j~j\\J\~Hjt\\J\\\XFJةc~h\psOQ\PoLm\YO\n\<Ujiґ\^k\\=Z.q+\/SͷH\e6\]L\n\G`Q\\:\%C,EW\\Z\GT[}j|s\mO\\xRu\jIH\\isS.\$fnG+Oo?9\2\w[\\\\PT\ޡ*pN8隀D9\~z[[wVa=jIl\\N\B\+ϵ4>V6&\*B\.\\S˲u\\Letmnɭ.HI\U\\\\(\\e_?#\\\8cҕ9\Y\h\\0\~5ш\0r1޸vr[rq\0\[r{\u\o\n+2ΩcD\0?αX\\\Zꭥ[\g ic\Z\8\S=nh6\s\]`9¶\\K,zw2HŜ՚\\&߈[X\kb\^}\;>.xZ\õC{\y})\ޙ\\nb9N\q\\n9u␧<R\6M\M\E4/yTW\ZYf@Gf=\Jaҡ\`^*1ٱ\Z\vWf\rݰgq>6ӷF\ȭ\\\ǽj\\\\ݎ3Xӕ\/tԅjl\N\5PtFWGJw!\(6QUqFiv\)2h\F\=i@\:F)!sNSLM8P$O\54lEVN\rJ\Ҹ$O5,J\\\P2]\\"6sU枦GJ˿хz\\s\W\%F\B+\\L|MȮbwM\\\><>N68\rVZ,\0\'ox\2\U\'Dkh\GqEv\|\FGC\o5F\E\\:\ҟ\r|o/\< 5e\ʟ\_\\WDOTWd!mYcbLq\\\\0\IQN+S	.	iue\ \\r\ڪN65T\.\\q_\\BPŒH3I\//ʑf29?_3m4\Ƈs@g\\F$k̈r\\M\:\IYiawgx\'Æ\?\	6\0kOYK]\*\0H\\\]\Am\5r\FbUv\'&Yp\I:U\1\\G\ٞc&4\Mp\"}\Hq\&\\6G͕	\>\hbVڧ%v\\6TpziY\0f\N\\]!Z\'Nz\p%\n..$DS+\\\9F\\\Qgs)e+Gc\\\Gy$0\TwǽbT\\N\0XЎNIW\\vp&4I\9\>+<{%Oj\by\\\x,t)d\\0?Z߶1\ȼn]\+v·-Pb/\"\s\\+;\\7\\0\\p^5~\\\\ag{\\"u\\V\͌\2}Q.<ڼDeRr8e\\e暬m\\\Mr,ǻWF%\2N8\\\\tϴ\\>b\]]\!+!!p3:U\ʎ`\nrQ\\0TM[\!7/!\s^\\\\\\-\\dE\ߕz\\Dὴ0\1]qöɍ<G\_g\0JBŜNOrzzr}*M\m\bH\\`>\q\Z8\L(sVΞ\\\\n\Z\\"-<6+\rݱhq3:`nb1\'\\}\&9aQ<u#\'hpd)\\0\nom\\\\\\\f8Qן\f-]ʳmȀ\-\\_bxDڴ	\hᑳ&ÂW\漗\/t\"\%\\'\0\ҲEZ\\t\(xuG\A>\y6\WڷOc+\\3\\\]c\i\k\-$Vc^F,ǭz/lz\3I.;\\#`\rsXq^\[!5qY#1)\\r[]!+\%	)\PCq\8zP\\4ړ\ZqQ\I\"z*.:zADyz\Є<S)zP4(85\}\D\'\Wv\J𜅴TωW\k/t\\!\Lrj\z\"_hu\#\\+\ƫ\\n1\@ܣ%I\k\\0bhZ7(\Ot\U\h-\n(T\\c&[zֳ5ɷ2\\D\%\N#f\,WqwW\qR%\0hP\4DO~:}2*	\rL\0\kS\#!D\+б\Qc#q\TֲReLS\y̮p\sV5\{2u,Q\0\\rUe\N7z\\I\iqwv\1>_On[\\\\\\beª6+串B\6pGqRgZP\(HT\;T=2j홖PYB;\\migu\\h\'U۲Q!e\vĆ\\U\Z\r+ȗ]=\"T.\'c>\\z0cc,K\\}?\ZٖQ4\\Z[BrŇ$֭G$\Lv\I8\n7cw\\Rv)T\\"?$\".	>ǿ\Q\vB0PZV\0PN^\\\\X\8bq?\ֲI\\\.\aG|j\Z\*.:	g$:KG\QDxUXcf\s|Zmq=G4^I\>o\\ߟzq ֨34jB\0j\lA~U8\0rO׽2	+\S\y\}A\"O\\\1\Vn\䯀]N?\u\ً\")B~\\}+L\1YTm\?\\_j\(ۂÒ\\jo\n\s뚜C19pEwЋn\\ΧE97k^\&f\cۓ\?0?:m#\\vl\n\'j\\|VEE\n\0^\Q\b[\^\t!\nz\9{\-n\倬{\E\\j\0VgvU`ОwT9e{\u+kNgS&Wq\\;\[T~f\0\B.\0Q\n\ZuwHoe</ֹ=Gq\0<6Mp\Wݖn\0:ܱ\rMi\n3;\Y[\'\\'\>]N_]H\r1ݱ\\\\Ue9cdr?*ꏼ\Z<^\f\Ƹڽ01^i\3^▊)\)\}\<K)ygy؇﨣̲\f\0Z\тp3Ҳ\0m\ː5\r\\\b\\0\\"\\6E\`8j\<=u\Z\\'Y\)!.#\~9]\bѠ\qRPV\#J8@!!^\r=FiH☑XGV\ԱSJ:S$-\";ޠG=*\nC\\\ůwm	\@\\O|lNEI\*\u0ўi\1g#\6I>ժwW$b\\`_5\?t\\\\<\w\\p>\%Baslg\}?\\`.\H8{5SFRϹ/5oa\π_h\kvKHq\Tw\\\ڱ\\\r*\_\zV\M\NHs<)m\{r\Zy?Fehd&$n LU	\\\^ɮiGS\"\kXۼ\\\}\r+@<@<V\$\\\Z\\XP\c\ּ\lwA\a\\M8aϦ)aۢDNO\\n&V\\?w\iR\'`aa\7Șz[e6.\Wo~¢\\Tv\R7܏2\8rXT\,Q\_^ɷ\/p6i1\\M\'\\'\Ҷ.\"\%|\\\noQ>\\0tq\\4\p\}\\0*2\jWw\p G2s\\$\Ej<\\n)U{\0©Fے\\Aev$ib-\$rpp>%in`.\ڊO\Β.;\0#@8,I%}\O5wq\;]\\\\^\-\lwP\\\\nX\\G g>:]	\ \\{n\4\rgُأQ\\\\qyq{w\'U\\\\Oa;E7cx]\\\\`3fo-辸=\ꮱK\"\0_d(\U8\:\0\GITY^\sG\Ǡ\nrJ?jpεH\o K;y\\0h\]\A\+Ԯ-1-I.G溟Ie7\ro\w0\\0zߟ^+ף{\XM\eF\O|s\\oʲjr\s3;Mi\\!˦\\$\\0\?729\zaX?\n\'\]7 Pv\0RD\\<\Oql-\\\;Ol\5_=pZ\\+\\$\\8U\S3F1gjww͵@\Oְ/w*F1}\0\\Po\ݎܟ\+\\\[\-H\\m9c\RgRujߔ?HcS\\.6&\05\\V\\9\0_ƺ/vs0]Å]\\Ѫ\\t\|9\\]6\q\\&su\+\\h۞a[\w2mEsyT:3\+\"v\a\.x\|Ss1ә $\N6\z4\>\\F#\\\+\\{We\\^Xm\q\ԜkϨyձ\0\npq@Ϳ\r^Uc\q]ebkv+\-\\\2\\2\\\Y)\'\\\rkA\g%\\\.dP\\J\\\\qPEHz\hETi\\)Tg\"a\uXc|LQV\\!\H*FX8%@I:7\\Ӭd0]F \\0_qS(\0-]X7:/Y;\FU݊\\PU!\z\#v _^O\&\\,ǁ+\ᅱ\v\Q\\~0\\}+$+\x~\?:0U9vG\kڑp6\,( }b<\\|\2ƻߺw\&HW8,j3+6I\ޚJ\0rC\0Ǳб@L?1\0@Ef\\\F\m12.r?L\6\\\$!2փ2m<\09i\d񞇜\0:\ff<ћ>̝\Z\R=\\ִ2E]\#58M\ p\`\\\ղ΋e\{(ʣ8\\\nZ0\%xlu\u\Z+H\FF:?\0jm1\rڳ(\ns\\\uU)b%?t\\dfV\Y@n\\Ad\R29<ep=2\pG>0@a\$~.-dY\0\n?fRЉIFY\=\\W\`\\\\U}N%oM;b\\Qf\;{X\~V\\Pp\jR\Ae\rˑH\~y?UBMEP\"\SDy\\~).\%[{gg\\\-\aZ72m\0(\~\\\=\&\\\\ZƄ/#\}OLzTJ\jTnވXǓijT8\A\o^߅UAl($js=Rr{pkC\n#I\(QՏ?\Ҫ\\\\Ab\\)\媅y[\{zW<ټ\CkVoq;\}\>?\n\\K+yC<\$A\^n\r\/y4\"cy\\\X8\\\0\[:M\-w\08iO3~TBW,[O\%@\0RO\T\r.#\\0+]YoJ\9={{ҷuAɞ=R暑\i؁F0v\K\"\Ҟ\0\5!*FFG׽Q}\\һzE971\8\wd\"s\r\\rvVXi	y\C\G\)3\\\rp<)ϽrQ#\?u\Hw:\#qn9g&\Ib\n\r\/-yo?\.\Z\k(]G/a\rMkih*a\T\Ub\0(?\n`Yd*x\&\)GC\\\\Ƕk\j\r:\\@`\H\\5xb\\ε5\`aҸx\Y\Zv0>}\\<\ڤ\^G-\ޤΡYrO\k|^#\Wݞ]I]\z\\vW<-gj@-U\y\0\4\\n\Vv=\G4\\F}*\?t^\lx<W7c1`A\	򻉣ٞh\\h#\"\SFg\N\M?gZ\0\\@ROQF9\L\zE歄\M>(h\n[sL(Fx\*dS`EȤsV\Z3\I\sR;N9\it\=\nGZ\д\uk嵈\\%I\H֧|!Y\0\7\zyX\p\r4\4\\a8\nv\̋i]܃޶lv҅&rH\\\fX\gWa J\Idl)\j\Ҭ\ Aȥg7s\Ύ&t]6K\'{*ŗ\ac$ކ%\rz\doQ<?\Z\\\\ r%z6\xl7r?Θ&B\>g\C~\1#=zt6^\L\\q\0\\S\*ʭI-T`s\\1\0\M4p\v;7=rpi\\\F\B\ *:\Ө08\8.bi5p˹dv\c\\\%r\b\y\)&5Ԛc\I\'\?\nt2b	/K+\A\1VU\q1,HI\\\\\Ĩ\"2C*+\'\ԩ\_&\nw\nSr!ly\y8y\0i6%\:\>\VN.o\T0s\Gll֒H\Q(eOAְwFsZ\-\\\+)ڹ\'~?󚡨OmOj,[\=r>kJ\\][9fsR}c$Vzqr\\\]\6\\\=ٟrww>j\"l? #\8\S\\\\\Ax\;\\Ԑ\0\oh\\Z\\\ZUA\\>|\{\"\\0\\\\Ӷ: ޗ\';g,|\̍\=Oly|uYRZI~\=\0\$\ޙQX0\e#\j\ӹ\\[\PG\3e\qv*[\\ݴaXㅢ\;\А\2T >\-\l	$\\U*\ZQ?Ș\Mw\wGՍh\Xm\\\\D\\9?z\71[\$r\8v8UNDg\\\\\9%S?*w>\\.ҫ*Xt?VI%8;{\\Ui3+\^ⵎfu\\[\\5\\F=}k\n\R6@\zwĈQ\08\\+\\\XK\pG\=+\Z\ZS\\Z\\q!ŻG\t*\\ǚzZ܏N}\I-\'\h\ \\0;ēWRw;-R϶0qu0skIff\&R\D\\\\OZ\\SR9q5Uk⏉Fe#}}k\w<l[\q\c\L.	nqöp\{Il\9pqb߷\\jM\\\p~\OdfO\0y\\c5hVښ8ӕ<\\n$\2h{\/=aݧ*nO!3)wq]刉ڦXļTHv!	\DSH\\=M#N42\TO\\I\Ղ1HH\?z\\nݬ\#Yc\0lu\fcE\'\'s߅z}Վ\^Gu#\kJ7g`\Ņ\0\ \V\YY\z}kwUu0/@7/=+\]\\\\A\n=\ZT]Fs_©$\\$\\\\ۮ?*\A9&\ɺle\?ҵ&lDy\z\Ї,la9\\\%gk[\Rx\ڧ)9\\\r\YއLHs3\0\\1\nd3E@\?A\ԭ\0\STčQUWq9Ps\\0\rj,hr[(\\	\\W\|<\\,\gj\~|$y\+x@\s2#H2Υ>9\'U\]\{+֔8\Oaκ\\\\X\c&f\K?\w9\}N[C4q]]͹ث$q\\N\}j\>]\\\"aYMn\FQi\0?3\\\\<w$h%\w\?\^}X5dz\\tH\ˏ9]\I \\\x\\DBC\Fǒ\'OOb^\\q$ls9*=q\\*KrX\?\\\Nm\\\\\K5Ќ4\b.Ky\\R\$ID^=Y9\Z\)o\^\ElR\ԍ\\rj\	\I\\\Z@Ay\\?\\[r3݋1\V\lj\\i@\@\?;\rLn\\"\Wj+0\\\\ݕW\帚nw\~\\\zչeP\_+댌A׽s_CUc\x.\݃\\\Tb\n\*\C\Q\\9QpsR1wbS\X\DN$L\z`vq)i\<QP*7n\x\:\]Vn\{n\\\֥|\\\(\^O\n\E=\k\9yZ\"I\'\MtRZN	\v\\-\\9#r.MBnк/\"o\\8\\j\n^I卽?ﳷz\Z2\#\ZЅJw\m\\\\f\\I\s\xM|BnFEe`.j\xYd\a\?h\KQ}Z]%H\\\\d)HzdѵXYH^Oe\>\5-Q%\mTBI\\\U͍\\U5\NQW\5wQ΢J-ؤ\cKUȠ\&\"/r\[$E\\>\&\Y\r6C3@GI\x)nw\"Xw\\ϰ\ZԼ)\\vqn\4;TT`WM`\\Q&\ \\G\Rt\=y \\:g_|\\\+(\\\\Mi\\7dVrZ\VGB1SmiVBO]\q\6zb2Zz]&o4օM1[V\\h\nz\\Z0k\EXxg4v$\0\\Ma\>\\GE\ǭ*1B\nEjB\sȨ94FU\'^0vUXQ\@\"\\ᾉ,糐(\\N\O\\lp\s^\\M\\0_qk\.0c\0+t\ds\\RX6zVW\Z?\\I\:˚(k\~֟gbmxPjyo+֍q?xR~\\V}\\3XV0z0\\0_6t!7\Z\\\\\*\\]ß42{\\Xs\zh\\Y\\pN{T&W\'vv\\WYvp7\09V\\0=c[\'vH\\E\V\\qT|lp8UA\=1YNX(\e\\Y(\\'\ZV8۹=Dϗ \"~_e^\Z%lv0Q\}\\R(2\2\\'\0uǽb\G9n\r\Sl\\\b\\\#\'ɸ\\:r`dÌw\p#hUw}f)/Zg$7?tz\渻Z\\Eivଋ{/oǷ{\\\\ӉO]Nu\ݍJ\Á\Mk\\\\%\>qS\\\վVU\\m\"5g`\BFy\njZ$Z̾w-<\T8OASN=M&um።\}Ǡ\7zgvC5\qx\v\2Ⱦ\9\?\5%Է{Pio\\\ʵ\\\UkHXF$\\\Ԇ\mg$\-ԭ|\p]<sM\Z43[\	\\$շ0#>\zi1-\\"LOl\'ד\P˻3BhB#q\\n΢mjT$1\S´ZDO>V\xU)4I\\$xy&K?xGl6ui\\\w*\\"=\kټG\0\0W\3\XM[n.\mЎ->\[e{9\\`KtQ7G\iF\' +Ǖ\w銵7%}K\e\\0	\\\SJ\Ri.-١v\'\f\M\?C\\\`D\hI\x3&\@:\I\\D\\\"^g(\\5ݽ\}Bi&l~\	pdUguc5Ws\\'Df}6\\G \0I\\ҩ\\wNG2d\\FK0\Ee,\0i9\\\Y\\w\'\\z\t\\0\=Us\\\;*+u\~\Ydܬ$ <~$Z\\!;F66#]>}\`S;+ԅGC(\@`\gg~ECd\0c؇\kf\\h-\]pIo\rhb\\\3nxom#Y0\e\0.߭z\\"%I\+@VR\[\\ԁWS\ᨮ|\ud_5Uy\\\XG`I\8_KrF~l{zkř\=k\ĥ\<8\`vjz]\n\\"`\I{HCԀr=izԁ}W&]RPNLi\\n\}2F\\z=\ch\\'\W1Eկlِ]7w)\t\sE_x\E`\Z+$\xR ☕\"5܊C\\04z\\\\7iG4Ijh\<b\B\G9\*\58a:z_Ik2vO5\ivn7\G\7f\s.h\E\z\oi\\0`񮁠gSb|ǧ*\\\0^q\nH\0㷭zVGE\6\\F7\0G9\rTt!}*^h	\	spq^o}\_\;E4z\'\R\i9y7=:\,Gʞ\?V\Gh0ec\0!Ii\\';vi;hiB*\\\ɻ o=}2iڭ\\$nϯId 28f1׊זGS&\\0H\V\r5h)\x-6\\\0\\\Gs#Z৸Hqs\r\κm:u16?NX}7!\huR	\'*S*\0 \\0\\VE\i\0\T$n\'\ֺ\ĕ\첩Xq\-t\,2gaJ\'\߷qک\p\u\T\w!QT1\\\o\6\<\fi?\\<u^&	\~\S\9\0*\r{O3\D|\\}\\\\D\}K̸3\\n\\5\:u*\ۖmnWV\\0\?w}=\\r^\\FC\s=sS%\ݪ\\"kufG=}\h0\\|\xj\'R\+D;\qsb\\ma	ϩ\'\nε\"\nY\.\˝\\\\}{~j\-\&v\1\\~XQ\-M`GG<\9K5\Q[4v\06}9\Yol\one7\X\n}A[6k\l\g\n-#\S\'\o\Z[\O\0\\\	>é*%ƢG5\6ȍok\n:U\|\\'?ʋNk{\\)_s\g-\\"h*\l߀)[\\0VP\\0wH?e*J\4V\\\\B\GT\K\0PL\0\\0º	lKɄqm\\=O$\zi\qW6w\ǌ\\O\u\k)A\r\\\']^\Ho\\\b\,xU{}C\Q\w\0U^:\׬\\\HoVi#\n\\\\'\\kۅf\0KR9N\\\'ֹ*7:i֦\Ɵ\\\\QѸ\um:\9O\ew\8\"ع\a\_\\,h\FN\sⰵ\H^݌,8/Έ\r,c\rlt3\z]\+\.oVj\"9\0F\\0^Y\>]4g\m_o\\m5\0@	\yƃCsW`\\\\\Z\m/3\wZ\}X\\\nU\nw\\\\K(\̝G\\\/a`w\M(쏎\ \}7ufqIY\'\\r\EzΉ,\S\;Vb(Xt\k\G}F!\0\s\\5ΚbK_Bp#\\Y;ף\(\uϕ5DDO-\t>\"us\gsj\aY\܀~S~p{\\`cv\d\9\\.u㰮\K8AW&`\ݍ\\\#kL\\6\o\0ɷeyĭ+1\MtɹJ\1\R%ފ?:*˱b9*ez\>>T\p+3b\4\rFN1R\'WV#u+\oJzEbt!\«8ֽg\aĳC\\5䠌8w=kk!\_oOpj\\Uc6gajm\\\6G\ʿ/_\\~\\\޺\\\\cSKM6\Y\RG5w5\rx\Hu)d\\Jʿ|\n@\\"G\\_\\_\\p[i\U\)\:cՙ\us	eF6xa\#Xٔ9?\翁~e\\2DI(r\\W\VGg\*\܉I-٣\TX\54\\	*r8\\a=Pù\XWl\0D(H\3\"\.\=\༖i\\\\G%\z\\\e\\e\\)\3\r\i\\\oQ3Cm\p\0\\kbV%\Y\:\5^A:	HrB:w\qz:%\\\\\Ĳ\DxR}+\`\\v\XR\H3\t/\\:\A\Z\Np\kŶ:R\ǢCVVڿ;\\Ҹm\r\\I_g2\僁\5I\M]mu\"Ux\\\\\0^\=\\ך\")yw&.LJK ʌ\\<T^\9yY\:};p:=H\ZKn1iW\0[\kOx\GsR\ mQTC\=#R\\OOׁR[i\\Ib+}\ nli\ni@c\^,G;<һ\yv2Gc\\Uo\S\DJ=]à\a~;KK2`\{uc\\->fIR\2\G\Kp9\\\0\*F.A\\0c[Fs\\\\0,\L.!db/^>[\s\:NoHy	\5H\PX.n/ݕ\Dՠt\w,\\;\\?J\\|K\CɎfj	j0\i<{3X=bUX7?q\\en#<1|Vֱkyq\'\g\`\±@l@3q(\~u\g{+jo|?\\B\\Y1f\"	=[딽It˛yr\=^\ǥ\Q[\I?Z\>![\\r\3F.v\RG#\`^\5\\<8|D\0cp\y9\\"\\C\\9\N?Z\H\U.\\?\jH&l܃\@F>\\Lh\[1;\\\[WzfO<=VHU網,Bq\=\iGz<\\7C\\$A0\\5\\\)u}!HF\ο|\\\קh^*]V\EQF>x%#C\滢\\΋\MZ\&(C0\U\OȎR@	\\<\\=ladY\\\'\\"\\+nm\\'\\\6\"*h\\\|2ٜοf\*\\$\Cʹ=\]=	P\ҬHB08zM%\c\\'tX;h0\0\:U[wĲ9䚆W-\\V֔[\C\;\Y\a\ٴ\={\U\uI\e*7)!ͣ#:;\+\\0A^erQoG7>UqI\n\S;\$br9`\Qģ\8\\05\ԫ2z\\\|?\\m~\w!c?W]\\0I\Ѱ\WCRT\nx\bZ&ܸ#*z\DHrc\;\jjtS<O֚[x\Zg\t%W&O\\rAR\\\5A;s\{}\r}\\5.8jQ\\E\ZӖE,2x确/\ڧ0V$\{WYroU<\Zz\\]\H\\\\ϕY\Z|\\\F\=\@f^Úkڴ[n\xVA\A\k\75\\"f\1\K\\s\\\wpt\\0_EJVhJ\\r\C@ȱ\'\\R\\E\@*\0J\UH\0{WJVGww2/\nv=+\2sZ\#3\Fj\'{\nv\L?wo\Mr>+\N@\\\0\0`7.su\v\0E9\k\P\\rH\ua\Vw>]\-\'_(\g!c\ןS2\M\ɤ)a4\)`Gֽ\Xe\w\Dsʍ\\߄-\\u䷘o7\V!\L\9\\<\k\ˎ\\1\'B1ZD\\}O\0}\\\t\Q7op1\'wvBr3(dYsB\n\\T\\'z4_\\C-\\GS>;[\\*u\r?\k\Qfɷ\Sw{GեU]х-\\"\\R+HNWuz,pJeW\=Z\4\$@8\\0I.\1]jZ:2:l\Cn{c\p\\MSk\r\\(\j\\ZyU{8\H[ny{d>IR y\\.d\ʭ\\\\y?SJq$l\ȃ\O=iS%*AUGيU.淏\\|\p-Wf.R\v\f\\0TAdb\qe\}\y\i\Z\|\F\X\\ mc\1@\>GZ~ e+\'8\nb-ϴmOL\5\ΪrI\\䮴#spA\cɅ#qPA\0k\\3\d\$(\\Oh\\rI\bW]e\0\T<9\\\xÕr\=Hp\\Rvf*\o\\\re=\\\\ZNk\\\\F\9S\\\0h\)\\\k\\ڼY8׋<\\BN0\SS\q\\0Ę\A# .0Nc,\Բa\޾ϕFסPoPWѶ\nE_+bO.T?|bۜ	bV\\[\\w]Qާa5eA\.|\ے\*{;L\\#!\\\r\ҩ]D\\%U\'XN~\r퐒?\\\^\'<c\%d2\\\>r\]\BA9\rGfp3*\0(*Kwq\\\\=\Vڱ\ǩ\\[B3\\O\\\d\\+p\ZܰJ\#7\a\溔{b)SFMq\5\[\*є\Z\\txr\\8Ĳ楤\|\L;;3ǩ\v^\q##jŜ\\Dɻp)J\\rh{2\0((.0++Iq\\\S\ \'<u-?Xm\\!\|\~x\\\T\\\\\/\!ayY\\PbEPtjј\0\;ao\#h\'Ϋ}jV\p\JL\\2\\ueskgo\YwV\\\i%բn\u#\5q\O\[\&9?q\\׹>\t<[(\\m¼V=KHpږ%ßZ0B\\`U\^[	tm7ȡx\"h\{m{|}\?/\\"܉e*rGA\]gl\ͅic	\ӟV\E\r\\a5z\Mڋ=JD[D\:\Z\WS\0aOj\0	\_\<P\E&\\\?U\!\\^Y\UlaA\\^G&Ե\t\,#O~\ry.\\y-bg \0\\s_EH^J\:@7S\\\U{C~02{oSYpf9\9\JFepCq\)md/p8\\\jh`,\$|۵Q\\Y8\\\\f6I뎔+y\\=W#xR\H\'һ{1#\'oJ\$Jù;犉Mji\n\y]\\[G9+\侊\\3B6_9\k\o\u`\A\3\\\>\8\\kxk\O\;F+qp\AO^ÂN}i<<\&\ƈ7;@\G\\\	\_rk͵\2C$p\\0P)St\\	\t\rRvs\\נeB\\' }=k\ܘ)\vu[k}+\4יQp(\?Վ\Z\\\-f$\{~qm\'0\\'T9rwy\\0sO\,و\Ьr(\/\nrҫjs\Q\c<\n\)_\'\g4FirR??J.4\=M\\Ԝi,2c\r~w;t\o65?uUO\?dj7\ȑg6\\\\=uX~f\G+\"\\\\\\imB}xU,Y\\vI!\c\0u!P\jv\(5p\2$FGl\nk\\o-$au<xw\\Fq\\\\׽Y[\fe<W\Ip1VG\>\X\q\ƒ\"=>@I\0M.J`CO\\ۭyy\v\Uy%FW;+W}\+\<=p\YH#\\n\n\+\\\\\\:I*\'\\_7\\\cn\L\w\w+\4\YTiy\b\Jh7\\"R?ϩE\\]60ti[\\k\X\xouj#\nZo\"4X4M\U\aY	YPݲ=}k];HP\q\> _{K5|S)s\\\\&AQ+\\"Nz\GFC]I$Q\_|U9E`\>#j馹u\p`Nt u\\O}SߖrA\A؊t#\Q\֭H\\\\\\̷Z\xU$נxínEޮ\\06[\\z+N\\\NB1\Y[\iKqiXm@\f=\0\_=_0\ys*̿kKr\PHV5\Fn\0dzR\ygW\r\$\9xkT\9!Wmŧ;C\u~\\Z\v:I\\\'+\\l$>e\\\\\rN2)J\u\r$`\u\tO2\r\<\e?W:I\	\\\/g᫋}0+^\@\p6o\K\n%\\r\\4\0\*I\-\{#b!l c\0\n+\?\RY!v̏6#)yb\ӋyaX`\0֯\;JHSv\Z\\ n\\;.}sAm&\}֟)G<W}ep\S\dW]\\w\yv:Ԅ0>\n%\	\\\vձmJ^\\.Q6\\\\CxRD\-n\0n\Q1&\:\\P\0-\ZR\QE<\4اoYk1它\rSt\\j^C\xJXmdӁ\\\0\%ݳi^L\0\U\[C*\@%4TN\R\\8\\Fv\\Y\\_:K^\\|0>ȮIᾳ9Ylp\"o\\<W\弄.\\#\k	]M3\r84w>sݕI \n/x]Z\C1o%I\nש\\\Z\'\*n_\RI\2q\|\yH\\|ǌ\\an#;I]\:\\\~b\R{Vz)\~疚\!LW<\\=qZM\~G(A#ƴM1\\o$f;\\.95\\GX\C\\xy\Ȣ`pk\\r\\\^xKh&\\9#\ӁYyccxTe?>mrЮ\;{ǚ\\Ԯ\\Cnd\\O4[b\3e1ʮ8:p!8\y55\.A\W5[M\!\\\oC\V\)\߸RG+&ܪwwnwv\	\^r1Uzs?R\Β6:8쮆R8]F\\\\\~Ҽ_\\"cP9//\\OJ\ \^)<	FP\\\y\}A5\[\X7G\\\̎\5K=Ooµ\r	y8#\{ZIn\%\=׈\\1\̹e+\\\\P\pcah	Ϧs\\4}\4v\JQ;`\\0\ٗf:!\0\\\H\2\0Ue!(v\\\\rKeQ#$n{a#]ɞsD$\nٷhH\EXQ\n\r.\(Dݴ\0Z-\0\\\M\\Ժ!\1UܷNUG>\T./lU.aPtH\`	\nZWOo\\\Vth.\VIyGpV\xu\zȊY%b?<Ĥb*k\kSˉ\%8I_qA\?2c}N{Z\\r\\tAc\\Z\\ĎV)I/s\\!i.\\%pw˼\֧û<J\"\\2s\\\~Ǐ\Ziv3\\\\[SԮ\\s\6\V\3S\\0\n]\<\ܓ+(<f[\\\\>h\Ol\E,p¢\\U$\exWO*..F?\N\~u\N\P[\Zt\Vj=\7[\֮a$6X\0\T67W\vjҾ>]W\}>\\ZǙ#_)\\\ע\v\U\\n\ܳR{جl0T\_\\\\U4E{\K\R3힦.\[B\'vsUP1\\&wwj3H&ڹ\Pt\xQ<mG*O\cȩVu\y;\r\U\AN\Q[@\\\ٺx|?spc\"G\\\0_\\\\;\ab[1۩r\ŷ\'\\T\0\&l\b@\r\\\R\]\F1 ~I\vv)e\\+Ztp\H++ߺ.\Aw\Rn]x\0S\\\\\&~G\?Ƶ-<1\\dV\0T\'j\\u\l~ A;uj\ķ+\7\(K\Yw6=\5N\\֖\\v/c,->橄i#Q<L6\ǟ OL\\:\\\9_JR\-\\\\)#sz\;e8\0}\\0Goh\n`>BS=\\\H\t\0V\}Χ,\Eh\\ǩ59Zڙ]Tm\'-mݛ=	&1\r\\V\ߵ\.BhJW!6geڭ\\\\\VFI?բE$$z{,U\t\o\\0I\_ސn\p#O\?\UacRx\U\'d\E˟ \do\ZԵX3MKO\Vg3Ƕ+eb2pe:j[Ө\WP|4\Z2ddpI\\k\=n\{\rB\\\m(G\\Q\@\c\<\׵x\/<\W\-n~ҫտ\\\\\t\7nM-\=h\J\\S\ڬio^Cok\\'=\\0hh6jWj)\o|;m³&P>W\y\Ëhtm=\C\O3IK6g+\\0\ƹ\o\\?*2@i[\00\֮Ed\\	w\9m\\U\\\卑\z**\z1Xrw#\0\\ʹG8\6\r82ݒ<\U\"t`r?CQE{m*e\n\f\ic7.\Tt\0\\e\ rDS\\bpU\8湍^\^\'_:Tpq\\e?@G\\\Z]jE[\@r\nh?kO<\R\H+0)j]f9nݢsk$RpH/\\\0\n\<:m.,!8\0Mo\\?Z眬u҂C\5xW\\\f{eto\\\\]cM\C\*nR梼ÖOZPI#\ֺkc\\Nr>`F=\:`.\T|\5$vB.q:掯oe&\Br˂5G\r$\ى`}\Z\YͶt7DS#s\\|gؚԣ:/\;|ތ};U[\\\dqFR`5\꺄0X\\[~\c$\\\|YqD<r^E7#*O\r\`\MF{\rNSsg\o\":#\\\uJK{2\\\m\F(!\\_N\}-\\r\<0#ߟa6\e\\q\3\AsmXH\rŴ0Z23\ޮ;P{\\\nZ8\&~\nm(\5+\S\FS\'\\#=\\#iڝ\N\b8S\wf\)+\JdQ]\o\kiH\I``\H+{\Zŉ\JǶsY>i1\qԃ\f_+H\ZWc\r\\5pMNT\fxӡ&ډ\\\\co%\\\H?{\\E\\Mx\{\\O{(KW\&Ygl\"p#t\n\|sC,I\zt\T)ӥ\ \\yV\(\04\0*\0TajJ8a\\\nٰÒ\/\Z\\*q\R8߼ʭiS\'\WM][ʆ)E?t!/ݽ\jZV,\gQGL\L=eb\,Vm`\r޺pGVmJ	~-[K6yH\sėdV[\a\'9\\&vFPGNJ\\Tai/,E(4\\\hz\	\'Il\0\V\\'\\:-͐q\\0?Z\1<n\̧[\\eZ\eurZE(7\Nt!3\\]\˾\X\\"+sJLa\\{t\xܿ+<\b;8\5\\\\;	s\Z\\\3+\0}\%ċr&\\0\?S\&\\\8p`~\}WlL\'H8\\oo\Cu\":68K\I麣1TJ:qV\n\\`0\<V@\\u\+n\2RY~\\WڻFILd\\"Ď\۝r\\:?3L3\\B>Sy\w\\\\\z??\\0ASA\(y\8\zD\\/\'\V\\!o)K\{jVOU\m\\Ƒ\s\0vkv\O\F2O=\IiQKnp\O^c\'ϐi\"X\g+Hٜ4M2\̒8 s,co&#\r\`\\^X\נ>[\L\"ɅU\9\xk[\\֡+0\ڲ\-m/\'\n\\e\03ԃYid<S\N=\ryϊll\E<\B\Ќ\v\}όv\0*\\RNǰC\XZEId܇0@a\_OzY\<u8,;\t+ʵym\a\NdG\j\6\`y\\x%\'a8\1\w,KBv^B\nثg\+$dW\\^}\\MؐB7@8\~isl\Z\\6t1\0~f\Ene)FJ\\k~P\Z785?$1EՃGs	?0\)Z\­n6M|\o/\~\\97\2\RMeiC	\9\"URWE+\o\\\\\\Mď\c##ީ\hk#_x`\0\\PA|w2>,qWT\0-v\GzN)\t)IhwZQ\S\0\h\\E[ܑ\A}Ƽw\\m۹ʐ9T8W\9B}\H\ru2u1M\\\Ym\\D\~CW\\&\A\95RXFȌ|:+?\\JQJK\_f-iqi\"H<?J\\;5;g#$!\dB\\\\\c¨$\]\rʪ\\ϏFn\۟i\W1e\[\\lq4\0DI]>\\A&2\(\\Z|\+\\0\C[\'\zVc<\"g9\I[ϩ\<T2\\m<+9\buUi\\3z}yڄ\wr\\\J^y	,\\V#\\"\F<\n3ձzRZxWT\\ҝ\^1z\\{\\o\'+\P:RPN[\\\n\E?v\\º\r\V\ќ9³Pép\\Z+\^)Z&0\\\9?SW\0]\3ͪ\*$3ڮ\=W:Ҥ bzG)J\Y\\߻xgJKTf\/\ZێEvDcF\\\U\Ks$p:\=kΜ\W~rg3\҆F#.qX\)Ů٭\Ktz5\x\q\bHF\\~p\>\븞k\d\o;(\\\Gv|k7-\OS;k\\g1\`Wq)\Cڔl#s\?0\0\}^@\0\3\\bct1\	\0J\U \)\7I\}:?\\>Ǥ\\=-0^\\\|U%\gП\kʢaK\YКeg\\Z\v\!Ѥ8Kn?i\\\\\\[9=?x\\#Ilg !p\\0+	dTeɠX8>2\䯪a\>OIkw\9`\=L\e\\\\^e|T\\\Y,	\\\0<q\\EqF&#\\\R95b\ZDd=\*[W(݊ ȥN@4M2SֶTVO\\rn\8*h׍iEY\ZtmSYcdqa*#q\"+*FAI\"$Oi.\0_gڤ6\5TT{mbGnߊpb:R\i\\G	3L:\"j\ٮ缚\\5S\\"R\b\O\W]x\fv/\W\kch,\G\_s\~yƙ\- vIb3+2\Tu&¶6I\\yp>dc>\\\"<wy}r\Gʄ.Ԍ\$\]޽#\\\'\̺\r*#\Z3HNP|\\\zݯ\yU]?Hi# Oҽ\\z<7k4\]qcW!ihP|\=.R\l\\Wuy`\"0I\\G\0Z[[\l\b\@\0<WB	*c9\:W+!\\'\Ek\D]Uφ\\q\\\\V \FN8\+P\L	\Z\[+\fkÛX\eV:\s*-0[ߡ}\I\Ny\M\F잹\\_\?}g#2\;Z\kH\5}\y J\j\\r+&qg\[þt\\0/B\VS\0ei%w\*\с܎?>Տ3A\B˃Wlv;VI2\"_95[x\\">f\à\G\Zv8\n:[$v\1\\[Z7n/ʼn\'\?mh,Y.:U?\\\W\'\OsuD~am\\0\\\5yz\V-ޯ$\\8 3\k&}B[\e^y¥W\3ŷvuS\\tWU[\&3\7\\8;H\]=*\'Q\=Iq\ԟO+dq\1\n\\Y>o4\n\"r@\-w\m&\nV\\e\~\m)edv\oZS\'j\<zp\\\F\0\Z\]wX\o\"S\\j\UZZ\\F\M\z*Z\\(\p*^)w͌\Z\4_RƼ\\ѵ]Gn\m\sj1{\ޠ\uhM;L\\\9\\\\\sj觔SvM\0o,W\\o\WR\銱\\H\,\\Ҹ\ۋR\3\UA=:haiPVFcM\7\\T$zR\[93۵H\\ \h:\­$n\T:6ޔ]1*zy\0P\ed\BE#s7ǽ0-G]\u\C^aUh$e\AU\.8-\/˹G \ͳȲ1Q0hq$J\ӛtcn\pw8\",h\F@\qڶ\\\\J\,\o>nsbm$7HQ\\X\prv\\-\¤:QXixEy܇O\\@MY|Q3\\V\D\\\\n\ne/\DZֱr1WRgQo \ɫՋm)\hE)\Yh8f]\8\R\w;dsQ&jX\6\Tg>jn\bw7d\{Thֱ|?IqkXZ\</[*ON\tk*eq.Apxޝ:Ǽ\)`Yp9\r\zy\e+\"\ҲnNV<\s\hU\=\#Ƌ\e8=99\\a\{V~\h\\;\avQ\\Ӟ\\E\EkKvwi\p\\}qɮH\:\\"7f\;\0Y\B\ڝ[=X\\^-\0U\\Ԛַ`/dc\06x\5\\^\\$&V&Y$#\r:e\8$\\b\\\\\`	?@0\0^+G\\\\8 BW\kF\[\\\J\\ Wh9\\\\\6*\:I\4hc\<q\NWL\'ׄ{Չ\dn\d\Zý\c\H\1n#ЏC\\n\=~k\\\'9\\=*}s#\\'\oBE;l\ ҵiEC\	\=@޹hn&\,22\\0l\8?+c[\\\m-\M֟r4Z+)\{Y)\\才>?cI	4l7/3Y~y\0\U\q޺TRط&\\'\Wa\X>\8\\G\\\vʄ\\J\<YVJ\­ڲ/]ޒ\l!zb\ȑ\GaU\`M\eH7u\	\\jзU7X\~\I͂ Uz5Bi坳,\\\Ӟ\ŪM\v\\}\"6k8A\\jU\?N\7\.\z\\\\\%;G\OU=\\ʑ\*5\){_\\\iE\Zڶjq}Np\\yF\\AY\nS~w\_\0#5ɦ\s\kۀy\\\\b\7|_*\.\l?^%j;y\0W6ӱxJkBVg\|\p\0tU\Ef\%s*Y\\<\0	\֋oM\Z7?4\\\r\6e@_l\F\v<?Z\TM[ˡ!u\3Zm+Y\mYg\GWд\oC.\a\m\6K.#;%\\,\I\+\֦[8}Jn\\n\w/\\y$G\\dúBx<\qedeجYگb\\{s\d\\\B|M~,ꥌѣ_\ZHZ>\8x\R0\iOm\Ξ\\qLB{va\\\u\}c;\[HI\\[&I\S<D/b\0q\\\NX\\˷8<)\Zʃ\Ϲx_d}V_9Ӏ@6\d\\m\4|֑IhmY*)9aӽ>\0m\0S;O^Ʀ@a\Ҙр\\\6\-\xh*S&Y=ք. 2\\=\rT@ٵ\0HH\\\y#y{]y\\9\n\If^Ҡͺ0\{k\r-\\2yy\>~W!\s\','\"Simplest-Responsive-jQuery-Image-Lightb',4),(4,'\\\0JFIF\0\0\0\0\0\0\\0\0	\Z\Z\Z\Z( %!1!%)+...383-7(-.+\n\n\n\r-%%----------------------------+-------------+-------\0\0\"\0\\0\0\0\0\0\0\0\0\0\0\0\0\0\0\\0A\0\0\0\0!1AQ\"aq2#BRb\3r\\CSc\\\0\0\0\0\0\0\0\0\0\0\0\0\0\0\\0*\0\0\0\0\0\0\0\0!1A\"Qa#2q\\\0\0\0?\0`ghʽ)\Z\r\ p&ݲӬK2J\0IRu\"(\M\U<sP3eB\@\B\T) ;U:mbR\0N\\i!JI,\\^&pj\r*	\\8ewTr[\@o1@UqEjЈaBҗtꞕmG)ĺV5\(P\f#F\"\4/\Z\8T\BT\	a\9u\rby(*4\K,\E</+\)XO*BG\w\N!IRR]A$gVVb+zi\\M\'\\y.@c\\nZa%2$b: w	\0Ӳ/))Zf$:]\HgK}ܮ\wOb\I\n!¥\(Wj$v%\nI+\!dډTG_~*ѤI\\<X!J9I\?;yD8\	}]V\Pz~\&-$8Lď\'oF0ٴ%@PO]i\Mj5\p	?[\/\"(ES31\ce`*V_3\r\\`\D?ʒG\\)ޢPS\0R F&R(+ud	I\'q֑%0LHP%\<\$ĝT\;K>\b)(Ni\0S\,\+%:)OR $\Z}Ao!H$(X?\.3ydRH\\`\ԆfKm\&vP\Zކ\d\Lt\\\n2d\\J{9Ҳ\r\	FNC\\\cP)%\آ&&qLxy\nV7/	qx\.\\'\i\0QԆF@\0^셖%$\\v6P\ZI9\e)رԠG2s\\̞;Wkp\'Q*\&e$*\JUT*\\Tn@\W\I\=gԔz\r\Z9\H3\ҽ70-	̡\J4Q{u\\\AIij4KylI.\\"\OՑ{0\"f(fKɻ8A\f{i\R\0{\\\P!N,t#j|\	2\bSRs\g}\W&\\gK斲v\Tnԁ\JA d!$y\4\G\_\\049\\*\ \Z\\z/`Bn\p`rNUzG)gL\Ƅ=K\"T9\RlA\	qT\\V\`\s ZT\e\ Ru`\,\	bfF\M\Z\\bJ򨊔*}\\0V\Z\:aq)Kt<n`K/P\JNT\ZB褏RvW \R[\n~W\\q2h%`I\%3h\#\r\Zi\\r1jܵ{\`O-2:*\WyjyO|\?b֙A֛\\7\ZV\\; F,=,$Y\R=Yg\2\ZIZ\n\\M$>;\x5̨\r>pF.c&Xw\nX\\@LdJ\=\0))b\0\'?wU%K=X[G0G\Z[TQe\n덥\h3\:h\BVe!+QcYE y%\'V\\\ -rHq3sjV\^\\R\\ ңr̥!*\FH\ܾ\Z\0!J\bG\\0,\"\@~\>G+梁4gS\%H]Ôv\lE;\\j\2%\ jЏJYX>e\YDXK-)$f!\\bj49@%\&\ů-O)!%\0\k\\)YU0\E\(\H\ZfA\:ghS`gcY\fs\0^jQ\G\\\\0F`w|\]%\1ZQh)\+RAm\diQ\@>E@s3m,\0\r\h)e=۱T/\\\A|\"J5\Kup\0e\'b\!i@\N=\"\t2W)#\FҔRФъB[\\b_\0Vd\+\0ޱL7 7WIB\n2	|JP\\\\x\\$jT_\\j\ZDx5 3\\k;\s8\2j+bMS1YU\@SQb\\\Òy2fJ, c\f0*z\\0ǨOèAE2r\'BUnDNC;\n\!H)RT\XvuaP|\0^	*H\>QfK\Z]\\\\b\\IRҦl#3P*\\Ac\\\!FA&\ \0Ձa\(\D\\rj\Z\Z\II\\b\,KX$*Y\\ϛ\.+Sr\B\Rn\r\\\\}\\_\3Dɼ\)\]I7J@P\Zc9$%	#\0b\?ThA`vW>]\2AQpZ`2\D\U\\$\S9;,\0+vk\\r\\4\Vr)@Ճm\?c\n\\0(HgKR`\\@@rBju\K)\Zd\\BWV`H\\yҩKTVb+\+h\\\OK+\˔zԶ\b\.b\\%I*3M|4~	\'-L\X,YETK%W\'^JIJX@X\'*	\$y\)9ך\\#ĘM\\Z4DŁ\\\΄\\I&\a#rr\\\\0`Vq	̅&Vk\n\0\e0ቔ\0*RRb:2uލ\\%J	\S,\3LQ>S=\"wēYR(\`|\S}\iA\\\\\Lgd\rl2\\\r9e\#%ھq\d\0\8e\5#k\B,F\'*\x\N\"\\0IVvf0\Kxx\P29ztknJ-U\\;G^7hx\\\\### NR	\R4DhZ\! t(\0#)/\\f\Cl\݂#j`)#\dy\n\Zd˖I\"Q\0\\\0\+\K	)C\OH$(UKX\0_ѩ\?S-HKl\ZHg6\\09H/\\^ר\(	uJ\*GE\ad\\Sgb4?1\'<Θ̲R.Hg\rܴ\\\0\_?P>c\\k<c\\nfMr[95pI_Dϙ\<I\\\kv!\\zU(#R\\0J#9k8\0\\SJV\;!3]9\\4\R](ԋǟH\\0\b\(`H\\!}\iMn\)I!\6/\\8\0CyIUf/?1&}IÑ`\0\0\0\v7A;Z\,RHʳQ~Sve\'x\\e8^W(r\L2\\-+A%#\CO\$5rnA{[0\\<\Pg3EA/\J7\%\ZJ\ϣ fmvNl\\V̪\Z$&v=&N\fr(TM]\Z}\u\Z_2\\aA6\?^d\-5C94 WRzp\U*K\@\0Ϻy-\q\SA\%H!w41_\N\5j Vԣ$Ϥ5Z	QR\4ϢRGRM\Z&X<)RB\fJjbJ{;(Ax\\'Y/R$W3]$y\"R\IJQ>޵>Nzf\\nhgZ\\\V\Ox1*\hs뚬mB\tn\0\r72\씒\0̯X\I+J%,REBh\rl\p>\H\KQ\0P?$\\\\\0H@wR*-dT<k\ ~\,Bu\0ڹ\N[$\\\dT\\T\\.k5M\MصӰ7<@vD\$\\8^Aǐ\\r\0y\Jc^\\o\"h\9\~\xd\ǔ֊\f7x\lFѲX\51 ffq\n>`W\?=\KBzZTTZ\]ư)b2>Jj\Z[8f)\ΐ	K\C|\p2X2v*[ \W06++&Iy\\ޖo!\0	~rj\x\hZRY>97p\\P\G>q%wĐJd/J	r\0bK,T\sqV\"BrB\Zi\\\n\M#̘TPTI  RQD<vz\pO\\\r\鸍pO/|.W\n\_<u\p\1qQ\\uZg\4`4\&@\_\ǣyc\\\LD\0=^\B\\\\W\?\0\n_1)\r\_\!S\g\X>\'X\x\鷯2m?\VB;Q\W2\r	\>\f~ҕ6b+Zňp3556\08,2\\\0K.P+J\X\'5ޑ[M̔4\K\I)X\,|(%,\?\\:t&*3(by3M\f\2χc$бNt2BYor+\\\M\t\0p{TX+J?Hd\ª:bgFČ\TO\9\\\n̕\ T\"Z\ZVՒ\\`L@NpL$\0/\rJ_\ˈJUL/>\r\r4F\G:qՍh:w\ZzEc*d-WT\P/Q$v\\*\\\`\D\M(\%\,>\g0N\j\\%JB\\\B\!g\d,&\ \n2\\L\l\\\M\\\0\Zh|\	\REႛ\0QbR3(Kc\k\\LM&c\f)܊*:$UV̐MÄ\n72TXR\nHap\Zz&8(\\)YH\\\Pb|B\\$\#B\n\rN\| \Xp$wyK{$ݡ\l\ʗM\&\\\*s\z^XZĒ\\(\ \4\1tXx!@)|K\\IM>\T5\h @1#ɱFb\*\:zjH\/\Q/HUÁ\#\|^asELK,7Dφq>U\Z\0cҽa\nu%b(\\:\iғ\Zh_%\\'))\\YI?\d͙%\R+jgS\ )\\J\;l@\P\a\ʘ~+Ueͣ,(x\X\)7HU\P\nWu\"y%$\aIp9NS(\$ZI3%\JH(RRu\\1\BүF`\~>QpT\zR@z	z_\:\\\Ɨ{\t\SAдL@ 	)]\\\J(!TT\#Թ9gh%\pl\R\\03$\f) ǷXPL×1z\\'\E,&)\&(%`Тh!]u0V;H\0A\W\m]SO\gw;U+\YIV\-i!A>d~O\dU\z~G$)\nR%fg}wO\Xo2X\\\$:\\rFЋeXm\IH\\ќ\0\\\*\\\\0@9N\\{\;q9z\),&b-J6/jP.\j,\\⒙\J꒰C\.\So\=VT~f\.mܵZ<_\ȴ-*ҮK\=;\NB\,u宥lC\\d8Rt\n{\R2	4\Nsf\oɜkHN̚rJs)JG\\0I5`\9D\0\Af<:\C\&R	\"i9!e 0\Gyϓ\!\֦jTxf*u\%D|H2T!ӟﭨ\Cm ;\\K9^l]D3=R\0\\\0MJ\f\"*eIQ/FB^6	)*\AԚJA\\.mo|,t\9\AH)*g<\\\F(R\SZ\JTH?\M\'\"s#1 Y\n\&qR]\\)@\\-\%o Ty>d\*Sk¹u\>o#oFX#-\\Z3\9e\-Q}ĩo2g,479\0h׵\,_\0a\MI	I\#\\x\>w\\\7_2`I\ZMD_\_J\$0\\Չ/>s>>\h\4=\'(q\n)&<\{7^\'1* ,\x\1jU\=\rfZP\|&Ls#\O\,4\pT\nݡ<eSt9\	b?f=\RÅ\(P.\\a6⎝R&\"\0]\t\\$\H!\ZeX-)X^p\N]1dkTA#\\pS\\J̑EuRlvq\7,:BVe\cGbH(Z\rbzT\\DgHF븈\s\lS\0ԇd\'38f%:gΒ\Zl\nVX)۳Ƅ\\HR҉\YYMn\C\l5\\j\E\0eXI.v.#LsN|xMd}\'\nT\]\'0 ܿw\QVB\|CyG)4K\j=a71)RR\'\\\hIE\n\\+/L\^\\C/TLǠ\0\݈\*T\b)xrR*\n47Qo˳9)M\0RSr\0F[\\\'@@\2\+.Mi\\ӏ9J\\\D܁\W&\\\f)\;&3PS)61\:O\\qm\\ʔX\z6\\\dU4\?\\K\\\\4#%8,qZQ-eSZJ6-j\\I\\\A\{\7\âY,P@|\-mo\Z\\.j\?j\\׹fd\v$5s1\ZUl\50T\\\7`َ4ᐊ`l\~=\\ \Fm.iNT\Z\	?\A\nâIU\\0u\Xܵ3 qFk%\z\\іH+4rjt\G;ft֮\\07]\'P\)d\A\r\RTh\H%\\r[泚=\Wɦ\z86w8ĲT\,	ѶW\űBF\4<i$\"bz<\0q)\n\(ub]^qІ>\\'6\\l>\,\\6RT\\I\\D<Vx@sxI\c7ya,	K3r~d\Å^<\\\<gڼ+\^)e{\\$e$x\K,\\\pQF\Ztj\0u0\izuoh\I5@\Q,b%I!\0/\5\nt^VvK҆ś;\t)I~d\\Zae)\\nse=\ܧ0ؕ$)Ab\\n2T\V`3$?1[c֒阶MYw̎IB\.5JNc<)d4J?\^%)j]#5\nuNKG*$/%epʗ>\BGr2آR\Eh\\-*XJC{ulϚZV\B2(}Ŗ(\O(&$\"嚹ZZԤ \\\B\J29\RB\=\R\0h7a{,֥f9\1\z}Xg\eh !+]H5SƔ\"\+!D2Ajdd=\N[jF7%֩%IH\n\(kEriE*pM?(q\Tb,\\\ \b\5V_h\\RR߮ׄ\\ z\:\\H\;I)\(-S(b_\)$\^e_;z7sT ܶ~Q.^5\Zatۇ\93\ra\\ZZ\n75E3]\?=Bth\\Kwk\r}o%%Q܏ :{^J\# [`\̗\\~9s.\\\J	Z3fw\(G\ܵMK\jT\RI!\c{^V\\-\JjP;$Tx\*Pvp\S\Z\\\Z\1:\r%\u&^%7\C\T8\\<\\\+t@\ZoFb\N\ƧTP\=Nl\,\%2n\'\La\K\\{œF	SG(\0\\ӷٽe\|^SK\\\!\BG\\p\Xh\\=\G\/i1\'\-)\J\\\"*9\F\Y|1B\jM=#-@Q\'KPP*Mm\T?B{\\9N͈\B=B^\rFP\=H\\\bP,գrOp|DJi\~-\nO\r5N,No\!E것 u\\\BO\$\K\rؿ@\EhXp@ľ\K\?\\Ŧ,.\\JCXeK\椴\Q}Ji&D\a ]Zv\\$\00PJ\#Q\~iAFbF`\VH\0?R\\B)ZT4<\	\\X\IU(Fа\cF.ha\\\Z\w9RH*\˶\RՔ`\\"\XP\lrf֧,r\zeي\\\0L\0ȒR\\\%>`s~\E\0urr_ruIwXj̠^J;S\üQUNF\}N\N\\D%2\!)I%\m+3p\t\\qAk \Xr*\\G\r(P\Z0\\7OΑ`ZAR%@Q\n/^\\#<9V\0@\XCj_=\sӥ#M܁h/\rf`}\gB\.g\0׮\h\|jRIA\k(XRֺ\\l\\ $?\]I3W	&\%\\pD@\rhXd\	m\Pz\:\M*\\rB\\SxW5~\	eE,tTF[	\'D&w)b\êt\H%^\#4/\\DU\\\"\;(`\*E+ٹI\ᄌ2`\\Yqe]#yDB\D\\Gxl(5x!C(j״\ZYrԏ#\s]G_=\<\iuqMB\aF\?^}9O\\)as>c}@:[hԬZA\?\\L\-\W\dC\\(0\\0HuYT	o_`J*-\} ف\c\J>Dw!2\'1%oP]a=ڞIE>F&6QO\\\zt`H@\Y\rB~a\\X\A)py	})\\\n\\\uʚ{81]6\u:%+/2rR$)\\\r\)dB@%A\aȦ]\^¬(I&ǚ\[3!\eYR@v:޽m`\-j\0ga,,:4M\n\\	aD\0H}ʕu68\0\\/D\\*\(\H}Q\\bM\&\		b\nk￠:gJ\+ݴv\x@ R-\]4H_h͕%)\0\\źk\q2A\s8^(0\Z\OL%\\Z\äT5~\\\w\\җR\mh\d/J\\\f1\BTr\\f^\rx\\\rF%T`)XC\UaN\axDĹ`)b\r\ZRj\ɿ\!rInAu1UVIm\N`\q!AQp\4%\\\>\O\-*KV	8\\z\\pUr\\)oה/7ÔԚD\JDa99h%\&^+\\I97Cͽ\,\+0׋N\n&\Q.Lj:C!\5O\'h\Q\DŴO\\ZT\\nE\(K\ֽ;tFaQ\Q:W+F	\P?]H5h\n1,h?Fӊo_`Kj)\\'Հ\ȚX\]\2Z`\P|)}\\0<\A.K\\\u\0Y5H][o\̠H\hk\\C,\ok<-\R\n\K^\nr+J\=4LM\72pS\^7I+rTۏZ|h\Xj(s79\\ \@+\\Qq9JcC\03rO\f*d^\S fK)KJS^\rE\I\0\t\n\rl;\Lēs71,\Wˡ`<P%B\?x\leAV\\aRv,\"T\\\PAHcTbg\b\Z*9PHS^J\08LMTY`փg\0aLQŻ\ʓ@\/Xz/CR\(\\10G)\@\Z>+\!< m`\\\'*\qC\~>pb\n\\)NR,(\\\\\n\\$,T\\FԖG\\ѓ\A$^#ù\'\\\X,D.\nX׊w\n\\\Tw0:\i\ OH\Z\H\dADh\H\\f\ \A2eP\\Nw\\22&\n,9\J_vm\#\"}ATݨ\\rlKY$IV221\i\r8@a	燚$43dd(b$(\q	add8e+@{H\ R\22,$Dp\\\22&\nĤe\.\r(\Ȝ5\b:9S|Q!5H@JPW15>_&\#2i.\22%\Qa\xRGq\\'\AMxI#\F\## \','\"download.jpg\"',4);
/*!40000 ALTER TABLE `modalityimage` ENABLE KEYS */;
UNLOCK TABLES;

--
-- Table structure for table `modalityproceduretype`
--

DROP TABLE IF EXISTS `modalityproceduretype`;
/*!40101 SET @saved_cs_client     = @@character_set_client */;
/*!40101 SET character_set_client = utf8 */;
CREATE TABLE `modalityproceduretype` (
  `modalityProcedureTypeId` int(11) NOT NULL AUTO_INCREMENT,
  `modalityProcedureTypeDesc` varchar(45) DEFAULT NULL,
  `modalityType_modalityTypeId` int(11) NOT NULL,
  PRIMARY KEY (`modalityProcedureTypeId`,`modalityType_modalityTypeId`),
  KEY `fk_modalityproceduretype_modalityequipment1_idx` (`modalityType_modalityTypeId`),
  CONSTRAINT `fk_modalityproceduretype_modalityequipment1` FOREIGN KEY (`modalityType_modalityTypeId`) REFERENCES `modalitytype` (`modalityTypeId`) ON DELETE CASCADE ON UPDATE CASCADE
) ENGINE=InnoDB AUTO_INCREMENT=8 DEFAULT CHARSET=utf8;
/*!40101 SET character_set_client = @saved_cs_client */;

--
-- Dumping data for table `modalityproceduretype`
--

LOCK TABLES `modalityproceduretype` WRITE;
/*!40000 ALTER TABLE `modalityproceduretype` DISABLE KEYS */;
INSERT INTO `modalityproceduretype` VALUES (1,'Left Arm',1),(2,'Right Arm',1),(3,'Left Leg',1),(4,'Right Leg',1),(5,'Torso',1),(6,'Groin',1),(7,'Brain',3);
/*!40000 ALTER TABLE `modalityproceduretype` ENABLE KEYS */;
UNLOCK TABLES;

--
-- Table structure for table `modalitytype`
--

DROP TABLE IF EXISTS `modalitytype`;
/*!40101 SET @saved_cs_client     = @@character_set_client */;
/*!40101 SET character_set_client = utf8 */;
CREATE TABLE `modalitytype` (
  `modalityTypeId` int(11) NOT NULL AUTO_INCREMENT,
  `modalityTypeName` varchar(45) DEFAULT NULL,
  PRIMARY KEY (`modalityTypeId`)
) ENGINE=InnoDB AUTO_INCREMENT=4 DEFAULT CHARSET=utf8;
/*!40101 SET character_set_client = @saved_cs_client */;

--
-- Dumping data for table `modalitytype`
--

LOCK TABLES `modalitytype` WRITE;
/*!40000 ALTER TABLE `modalitytype` DISABLE KEYS */;
INSERT INTO `modalitytype` VALUES (1,'Xray'),(2,'CT Scan'),(3,'MRI');
/*!40000 ALTER TABLE `modalitytype` ENABLE KEYS */;
UNLOCK TABLES;

--
-- Table structure for table `modalitywarning`
--

DROP TABLE IF EXISTS `modalitywarning`;
/*!40101 SET @saved_cs_client     = @@character_set_client */;
/*!40101 SET character_set_client = utf8 */;
CREATE TABLE `modalitywarning` (
  `modalityWarningID` int(11) NOT NULL AUTO_INCREMENT,
  `modalityWarningDesc` varchar(45) DEFAULT NULL,
  `modalityType_modalityTypeId` int(11) NOT NULL,
  PRIMARY KEY (`modalityWarningID`,`modalityType_modalityTypeId`),
  KEY `fk_modalityWarning_modalityEquipment1_idx` (`modalityType_modalityTypeId`),
  CONSTRAINT `fk_modalityWarning_modalityEquipment1` FOREIGN KEY (`modalityType_modalityTypeId`) REFERENCES `modalitytype` (`modalityTypeId`) ON DELETE CASCADE ON UPDATE CASCADE
) ENGINE=InnoDB DEFAULT CHARSET=utf8;
/*!40101 SET character_set_client = @saved_cs_client */;

--
-- Dumping data for table `modalitywarning`
--

LOCK TABLES `modalitywarning` WRITE;
/*!40000 ALTER TABLE `modalitywarning` DISABLE KEYS */;
/*!40000 ALTER TABLE `modalitywarning` ENABLE KEYS */;
UNLOCK TABLES;

--
-- Table structure for table `patient`
--

DROP TABLE IF EXISTS `patient`;
/*!40101 SET @saved_cs_client     = @@character_set_client */;
/*!40101 SET character_set_client = utf8 */;
CREATE TABLE `patient` (
  `patientID` int(11) NOT NULL AUTO_INCREMENT,
  `patientFirstName` varchar(45) NOT NULL,
  `patientMiddleName` varchar(45) DEFAULT NULL,
  `patientLastName` varchar(45) NOT NULL,
  `patientGender` char(1) DEFAULT NULL,
  `patientSSN` int(9) DEFAULT NULL,
  `patinetHeight` int(11) DEFAULT NULL,
  `patientWeight` int(11) DEFAULT NULL,
  `patientDOB` date DEFAULT NULL,
  PRIMARY KEY (`patientID`),
  UNIQUE KEY `idmasterPatientList_UNIQUE` (`patientID`)
) ENGINE=InnoDB AUTO_INCREMENT=5 DEFAULT CHARSET=utf8;
/*!40101 SET character_set_client = @saved_cs_client */;

--
-- Dumping data for table `patient`
--

LOCK TABLES `patient` WRITE;
/*!40000 ALTER TABLE `patient` DISABLE KEYS */;
INSERT INTO `patient` VALUES (3,'Test','T','ies','x',0,0,0,'2018-03-15'),(4,'Robert ','C','Cromer','x',0,72,225,'1994-06-29');
/*!40000 ALTER TABLE `patient` ENABLE KEYS */;
UNLOCK TABLES;

--
-- Table structure for table `procedurelist`
--

DROP TABLE IF EXISTS `procedurelist`;
/*!40101 SET @saved_cs_client     = @@character_set_client */;
/*!40101 SET character_set_client = utf8 */;
CREATE TABLE `procedurelist` (
  `procedureId` int(11) NOT NULL AUTO_INCREMENT,
  `staffID_technician` int(11) NOT NULL,
  `modalityProcedureTypeId` int(11) NOT NULL,
  `patient_patientID` int(11) NOT NULL,
  `procedureScheduledTime` time DEFAULT NULL,
  `procedureScheduledDate` date DEFAULT NULL,
  `procedurestatus_procedureStatusID` int(11) NOT NULL DEFAULT '0',
  `physicianNotes` varchar(45) DEFAULT NULL,
  `procedureDateOfRequest` datetime DEFAULT NULL,
  PRIMARY KEY (`procedureId`,`staffID_technician`,`modalityProcedureTypeId`,`patient_patientID`,`procedurestatus_procedureStatusID`),
  KEY `fk_procedure_staff1_idx` (`staffID_technician`),
  KEY `fk_procedure_patient1_idx` (`patient_patientID`),
  KEY `fk_procedure_modalityProcedureType1_idx` (`modalityProcedureTypeId`),
  KEY `fk_procedure_procedureStatus1_idx` (`procedurestatus_procedureStatusID`),
  CONSTRAINT `fk_procedure_modalityProcedureType1` FOREIGN KEY (`modalityProcedureTypeId`) REFERENCES `modalityproceduretype` (`modalityProcedureTypeId`) ON DELETE CASCADE ON UPDATE CASCADE,
  CONSTRAINT `fk_procedure_patient1` FOREIGN KEY (`patient_patientID`) REFERENCES `patient` (`patientID`) ON DELETE CASCADE ON UPDATE CASCADE,
  CONSTRAINT `fk_procedure_procedureStatus1` FOREIGN KEY (`procedurestatus_procedureStatusID`) REFERENCES `procedurestatus` (`procedureStatusID`) ON DELETE NO ACTION ON UPDATE NO ACTION,
  CONSTRAINT `fk_procedure_staff1` FOREIGN KEY (`staffID_technician`) REFERENCES `staff` (`staffID`) ON DELETE CASCADE ON UPDATE CASCADE
) ENGINE=InnoDB AUTO_INCREMENT=5 DEFAULT CHARSET=utf8;
/*!40101 SET character_set_client = @saved_cs_client */;

--
-- Dumping data for table `procedurelist`
--

LOCK TABLES `procedurelist` WRITE;
/*!40000 ALTER TABLE `procedurelist` DISABLE KEYS */;
INSERT INTO `procedurelist` VALUES (1,4,6,3,NULL,NULL,0,'Test','2018-03-15 00:00:00'),(2,3,1,3,NULL,NULL,0,'Test2','2018-03-15 00:00:00'),(3,4,6,4,NULL,NULL,0,'','2018-03-25 00:00:00'),(4,3,7,4,NULL,NULL,3,'','2018-03-28 00:00:00');
/*!40000 ALTER TABLE `procedurelist` ENABLE KEYS */;
UNLOCK TABLES;

--
-- Table structure for table `procedurestatus`
--

DROP TABLE IF EXISTS `procedurestatus`;
/*!40101 SET @saved_cs_client     = @@character_set_client */;
/*!40101 SET character_set_client = utf8 */;
CREATE TABLE `procedurestatus` (
  `procedureStatusID` int(11) NOT NULL AUTO_INCREMENT,
  `procedureStatusDesc` varchar(45) DEFAULT NULL,
  PRIMARY KEY (`procedureStatusID`)
) ENGINE=InnoDB AUTO_INCREMENT=5 DEFAULT CHARSET=utf8;
/*!40101 SET character_set_client = @saved_cs_client */;

--
-- Dumping data for table `procedurestatus`
--

LOCK TABLES `procedurestatus` WRITE;
/*!40000 ALTER TABLE `procedurestatus` DISABLE KEYS */;
INSERT INTO `procedurestatus` VALUES (0,'Not Scheduled'),(1,'Scheduled'),(2,'In Progress'),(3,'Procedure Complete'),(4,'Report Complete');
/*!40000 ALTER TABLE `procedurestatus` ENABLE KEYS */;
UNLOCK TABLES;

--
-- Table structure for table `report`
--

DROP TABLE IF EXISTS `report`;
/*!40101 SET @saved_cs_client     = @@character_set_client */;
/*!40101 SET character_set_client = utf8 */;
CREATE TABLE `report` (
  `reportID` int(11) NOT NULL AUTO_INCREMENT,
  `reportText` varchar(45) DEFAULT NULL,
  `procedure_procedureId` int(11) NOT NULL,
  `staffid_Radiologist` int(11) NOT NULL,
  PRIMARY KEY (`reportID`,`procedure_procedureId`,`staffid_Radiologist`),
  KEY `fk_report_procedure1_idx` (`procedure_procedureId`),
  KEY `fk_report_staff1_idx` (`staffid_Radiologist`),
  CONSTRAINT `fk_report_procedure1` FOREIGN KEY (`procedure_procedureId`) REFERENCES `procedurelist` (`procedureId`) ON DELETE CASCADE ON UPDATE CASCADE,
  CONSTRAINT `fk_report_staff1` FOREIGN KEY (`staffid_Radiologist`) REFERENCES `staff` (`staffID`) ON DELETE CASCADE ON UPDATE CASCADE
) ENGINE=InnoDB AUTO_INCREMENT=2 DEFAULT CHARSET=utf8;
/*!40101 SET character_set_client = @saved_cs_client */;

--
-- Dumping data for table `report`
--

LOCK TABLES `report` WRITE;
/*!40000 ALTER TABLE `report` DISABLE KEYS */;
INSERT INTO `report` VALUES (1,'That\'s a red panda.',4,6);
/*!40000 ALTER TABLE `report` ENABLE KEYS */;
UNLOCK TABLES;

--
-- Table structure for table `staff`
--

DROP TABLE IF EXISTS `staff`;
/*!40101 SET @saved_cs_client     = @@character_set_client */;
/*!40101 SET character_set_client = utf8 */;
CREATE TABLE `staff` (
  `staffID` int(11) NOT NULL AUTO_INCREMENT,
  `staffName` varchar(45) DEFAULT NULL,
  `StaffRole_staffRoleID` int(11) NOT NULL,
  `username` varchar(16) NOT NULL,
  `password` varchar(40) CHARACTER SET utf8 COLLATE utf8_bin DEFAULT NULL COMMENT 'use hash',
  PRIMARY KEY (`staffID`,`StaffRole_staffRoleID`),
  KEY `fk_staff_StaffRole1_idx` (`StaffRole_staffRoleID`),
  CONSTRAINT `fk_staff_StaffRole1` FOREIGN KEY (`StaffRole_staffRoleID`) REFERENCES `staffrole` (`staffRoleID`) ON DELETE CASCADE ON UPDATE CASCADE
) ENGINE=InnoDB AUTO_INCREMENT=7 DEFAULT CHARSET=utf8;
/*!40101 SET character_set_client = @saved_cs_client */;

--
-- Dumping data for table `staff`
--

LOCK TABLES `staff` WRITE;
/*!40000 ALTER TABLE `staff` DISABLE KEYS */;
INSERT INTO `staff` VALUES (1,'Doctor',4,'doc1','a5beb9d1b0e50129affe6e13e42d9e5f5942cda7'),(2,'Radiologist',3,'rad','bade5d26b78d94e5efb27f8cf03d43b298f69915'),(3,'Technician',2,'tech1','40807e40aa0602559be12b1ee786e225d17a8dd6'),(4,'Rob The Tech',2,'tech_rob','42938e89eeef40be506453f2825813bb920abf32'),(5,'Rob The Doctor',4,'doc_rob','4dac8dff73ea957392686e7bbd7a36c491a3e482'),(6,'#1 Admin',0,'admin','d033e22ae348aeb5660fc2140aec35850c4da997');
/*!40000 ALTER TABLE `staff` ENABLE KEYS */;
UNLOCK TABLES;

--
-- Table structure for table `staffrole`
--

DROP TABLE IF EXISTS `staffrole`;
/*!40101 SET @saved_cs_client     = @@character_set_client */;
/*!40101 SET character_set_client = utf8 */;
CREATE TABLE `staffrole` (
  `staffRoleID` int(11) NOT NULL AUTO_INCREMENT,
  `staffRoleName` varchar(45) DEFAULT NULL,
  PRIMARY KEY (`staffRoleID`)
) ENGINE=InnoDB AUTO_INCREMENT=5 DEFAULT CHARSET=utf8;
/*!40101 SET character_set_client = @saved_cs_client */;

--
-- Dumping data for table `staffrole`
--

LOCK TABLES `staffrole` WRITE;
/*!40000 ALTER TABLE `staffrole` DISABLE KEYS */;
INSERT INTO `staffrole` VALUES (0,'Admin'),(1,'Receptionist '),(2,'Modality Technician'),(3,'Radiologist'),(4,'Physician');
/*!40000 ALTER TABLE `staffrole` ENABLE KEYS */;
UNLOCK TABLES;
/*!40103 SET TIME_ZONE=@OLD_TIME_ZONE */;

/*!40101 SET SQL_MODE=@OLD_SQL_MODE */;
/*!40014 SET FOREIGN_KEY_CHECKS=@OLD_FOREIGN_KEY_CHECKS */;
/*!40014 SET UNIQUE_CHECKS=@OLD_UNIQUE_CHECKS */;
/*!40101 SET CHARACTER_SET_CLIENT=@OLD_CHARACTER_SET_CLIENT */;
/*!40101 SET CHARACTER_SET_RESULTS=@OLD_CHARACTER_SET_RESULTS */;
/*!40101 SET COLLATION_CONNECTION=@OLD_COLLATION_CONNECTION */;
/*!40111 SET SQL_NOTES=@OLD_SQL_NOTES */;

-- Dump completed on 2018-03-31 20:01:45
