-- MySQL dump 10.13  Distrib 5.7.17, for Win64 (x86_64)
--
-- Host: localhost    Database: risdatabase
-- ------------------------------------------------------
-- Server version	5.7.19-log

/*!40101 SET @OLD_CHARACTER_SET_CLIENT=@@CHARACTER_SET_CLIENT */;
/*!40101 SET @OLD_CHARACTER_SET_RESULTS=@@CHARACTER_SET_RESULTS */;
/*!40101 SET @OLD_COLLATION_CONNECTION=@@COLLATION_CONNECTION */;
/*!40101 SET NAMES utf8 */;
/*!40103 SET @OLD_TIME_ZONE=@@TIME_ZONE */;
/*!40103 SET TIME_ZONE='+00:00' */;
/*!40014 SET @OLD_UNIQUE_CHECKS=@@UNIQUE_CHECKS, UNIQUE_CHECKS=0 */;
/*!40014 SET @OLD_FOREIGN_KEY_CHECKS=@@FOREIGN_KEY_CHECKS, FOREIGN_KEY_CHECKS=0 */;
/*!40101 SET @OLD_SQL_MODE=@@SQL_MODE, SQL_MODE='NO_AUTO_VALUE_ON_ZERO' */;
/*!40111 SET @OLD_SQL_NOTES=@@SQL_NOTES, SQL_NOTES=0 */;

--
-- Table structure for table `modalityimage`
--

DROP TABLE IF EXISTS `modalityimage`;
/*!40101 SET @saved_cs_client     = @@character_set_client */;
/*!40101 SET character_set_client = utf8 */;
CREATE TABLE `modalityimage` (
  `modalityImageID` int(11) NOT NULL AUTO_INCREMENT,
  `modalityImageBlob` blob,
  `modalityImageName` varchar(45) DEFAULT NULL,
  `procedure_procedureId` int(11) NOT NULL,
  `modalityImageNotes` varchar(45) NOT NULL,
  PRIMARY KEY (`modalityImageID`,`procedure_procedureId`),
  KEY `fk_modalityImage_procedure1_idx` (`procedure_procedureId`),
  CONSTRAINT `fk_modalityImage_procedure1` FOREIGN KEY (`procedure_procedureId`) REFERENCES `procedurelist` (`procedureId`) ON DELETE CASCADE ON UPDATE CASCADE
) ENGINE=InnoDB AUTO_INCREMENT=6 DEFAULT CHARSET=utf8;
/*!40101 SET character_set_client = @saved_cs_client */;

--
-- Dumping data for table `modalityimage`
--

LOCK TABLES `modalityimage` WRITE;
/*!40000 ALTER TABLE `modalityimage` DISABLE KEYS */;
INSERT INTO `modalityimage` VALUES (1,'\\\0JFIF\0\0\0\0\0\0\\0\0	\Z\Z\Z\Z( %!1!%)+...383-7(-.+\n\n\n\r-%%----------------------------+-------------+-------\0\0\"\0\\0\0\0\0\0\0\0\0\0\0\0\0\0\0\\0A\0\0\0\0!1AQ\"aq2#BRb\3r\\CSc\\\0\0\0\0\0\0\0\0\0\0\0\0\0\0\\0*\0\0\0\0\0\0\0\0!1A\"Qa#2q\\\0\0\0?\0`ghʽ)\Z\r\ p&ݲӬK2J\0IRu\"(\M\U<sP3eB\@\B\T) ;U:mbR\0N\\i!JI,\\^&pj\r*	\\8ewTr[\@o1@UqEjЈaBҗtꞕmG)ĺV5\(P\f#F\"\4/\Z\8T\BT\	a\9u\rby(*4\K,\E</+\)XO*BG\w\N!IRR]A$gVVb+zi\\M\'\\y.@c\\nZa%2$b: w	\0Ӳ/))Zf$:]\HgK}ܮ\wOb\I\n!¥\(Wj$v%\nI+\!dډTG_~*ѤI\\<X!J9I\?;yD8\	}]V\Pz~\&-$8Lď\'oF0ٴ%@PO]i\Mj5\p	?[\/\"(ES31\ce`*V_3\r\\`\D?ʒG\\)ޢPS\0R F&R(+ud	I\'q֑%0LHP%\<\$ĝT\;K>\b)(Ni\0S\,\+%:)OR $\Z}Ao!H$(X?\.3ydRH\\`\ԆfKm\&vP\Zކ\d\Lt\\\n2d\\J{9Ҳ\r\	FNC\\\cP)%\آ&&qLxy\nV7/	qx\.\\'\i\0QԆF@\0^셖%$\\v6P\ZI9\e)رԠG2s\\̞;Wkp\'Q*\&e$*\JUT*\\Tn@\W\I\=gԔz\r\Z9\H3\ҽ70-	̡\J4Q{u\\\AIij4KylI.\\"\OՑ{0\"f(fKɻ8A\f{i\R\0{\\\P!N,t#j|\	2\bSRs\g}\W&\\gK斲v\Tnԁ\JA d!$y\4\G\_\\049\\*\ \Z\\z/`Bn\p`rNUzG)gL\Ƅ=K\"T9\RlA\	qT\\V\`\s ZT\e\ Ru`\,\	bfF\M\Z\\bJ򨊔*}\\0V\Z\:aq)Kt<n`K/P\JNT\ZB褏RvW \R[\n~W\\q2h%`I\%3h\#\r\Zi\\r1jܵ{\`O-2:*\WyjyO|\?b֙A֛\\7\ZV\\; F,=,$Y\R=Yg\2\ZIZ\n\\M$>;\x5̨\r>pF.c&Xw\nX\\@LdJ\=\0))b\0\'?wU%K=X[G0G\Z[TQe\n덥\h3\:h\BVe!+QcYE y%\'V\\\ -rHq3sjV\^\\R\\ ңr̥!*\FH\ܾ\Z\0!J\bG\\0,\"\@~\>G+梁4gS\%H]Ôv\lE;\\j\2%\ jЏJYX>e\YDXK-)$f!\\bj49@%\&\ů-O)!%\0\k\\)YU0\E\(\H\ZfA\:ghS`gcY\fs\0^jQ\G\\\\0F`w|\]%\1ZQh)\+RAm\diQ\@>E@s3m,\0\r\h)e=۱T/\\\A|\"J5\Kup\0e\'b\!i@\N=\"\t2W)#\FҔRФъB[\\b_\0Vd\+\0ޱL7 7WIB\n2	|JP\\\\x\\$jT_\\j\ZDx5 3\\k;\s8\2j+bMS1YU\@SQb\\\Òy2fJ, c\f0*z\\0ǨOèAE2r\'BUnDNC;\n\!H)RT\XvuaP|\0^	*H\>QfK\Z]\\\\b\\IRҦl#3P*\\Ac\\\!FA&\ \0Ձa\(\D\\rj\Z\Z\II\\b\,KX$*Y\\ϛ\.+Sr\B\Rn\r\\\\}\\_\3Dɼ\)\]I7J@P\Zc9$%	#\0b\?ThA`vW>]\2AQpZ`2\D\U\\$\S9;,\0+vk\\r\\4\Vr)@Ճm\?c\n\\0(HgKR`\\@@rBju\K)\Zd\\BWV`H\\yҩKTVb+\+h\\\OK+\˔zԶ\b\.b\\%I*3M|4~	\'-L\X,YETK%W\'^JIJX@X\'*	\$y\)9ך\\#ĘM\\Z4DŁ\\\΄\\I&\a#rr\\\\0`Vq	̅&Vk\n\0\e0ቔ\0*RRb:2uލ\\%J	\S,\3LQ>S=\"wēYR(\`|\S}\iA\\\\\Lgd\rl2\\\r9e\#%ھq\d\0\8e\5#k\B,F\'*\x\N\"\\0IVvf0\Kxx\P29ztknJ-U\\;G^7hx\\\\### NR	\R4DhZ\! t(\0#)/\\f\Cl\݂#j`)#\dy\n\Zd˖I\"Q\0\\\0\+\K	)C\OH$(UKX\0_ѩ\?S-HKl\ZHg6\\09H/\\^ר\(	uJ\*GE\ad\\Sgb4?1\'<Θ̲R.Hg\rܴ\\\0\_?P>c\\k<c\\nfMr[95pI_Dϙ\<I\\\kv!\\zU(#R\\0J#9k8\0\\SJV\;!3]9\\4\R](ԋǟH\\0\b\(`H\\!}\iMn\)I!\6/\\8\0CyIUf/?1&}IÑ`\0\0\0\v7A;Z\,RHʳQ~Sve\'x\\e8^W(r\L2\\-+A%#\CO\$5rnA{[0\\<\Pg3EA/\J7\%\ZJ\ϣ fmvNl\\V̪\Z$&v=&N\fr(TM]\Z}\u\Z_2\\aA6\?^d\-5C94 WRzp\U*K\@\0Ϻy-\q\SA\%H!w41_\N\5j Vԣ$Ϥ5Z	QR\4ϢRGRM\Z&X<)RB\fJjbJ{;(Ax\\'Y/R$W3]$y\"R\IJQ>޵>Nzf\\nhgZ\\\V\Ox1*\hs뚬mB\tn\0\r72\씒\0̯X\I+J%,REBh\rl\p>\H\KQ\0P?$\\\\\0H@wR*-dT<k\ ~\,Bu\0ڹ\N[$\\\dT\\T\\.k5M\MصӰ7<@vD\$\\8^Aǐ\\r\0y\Jc^\\o\"h\9\~\xd\ǔ֊\f7x\lFѲX\51 ffq\n>`W\?=\KBzZTTZ\]ư)b2>Jj\Z[8f)\ΐ	K\C|\p2X2v*[ \W06++&Iy\\ޖo!\0	~rj\x\hZRY>97p\\P\G>q%wĐJd/J	r\0bK,T\sqV\"BrB\Zi\\\n\M#̘TPTI  RQD<vz\pO\\\r\鸍pO/|.W\n\_<u\p\1qQ\\uZg\4`4\&@\_\ǣyc\\\LD\0=^\B\\\\W\?\0\n_1)\r\_\!S\g\X>\'X\x\鷯2m?\VB;Q\W2\r	\>\f~ҕ6b+Zňp3556\08,2\\\0K.P+J\X\'5ޑ[M̔4\K\I)X\,|(%,\?\\:t&*3(by3M\f\2χc$бNt2BYor+\\\M\t\0p{TX+J?Hd\ª:bgFČ\TO\9\\\n̕\ T\"Z\ZVՒ\\`L@NpL$\0/\rJ_\ˈJUL/>\r\r4F\G:qՍh:w\ZzEc*d-WT\P/Q$v\\*\\\`\D\M(\%\,>\g0N\j\\%JB\\\B\!g\d,&\ \n2\\L\l\\\M\\\0\Zh|\	\REႛ\0QbR3(Kc\k\\LM&c\f)܊*:$UV̐MÄ\n72TXR\nHap\Zz&8(\\)YH\\\Pb|B\\$\#B\n\rN\| \Xp$wyK{$ݡ\l\ʗM\&\\\*s\z^XZĒ\\(\ \4\1tXx!@)|K\\IM>\T5\h @1#ɱFb\*\:zjH\/\Q/HUÁ\#\|^asELK,7Dφq>U\Z\0cҽa\nu%b(\\:\iғ\Zh_%\\'))\\YI?\d͙%\R+jgS\ )\\J\;l@\P\a\ʘ~+Ueͣ,(x\X\)7HU\P\nWu\"y%$\aIp9NS(\$ZI3%\JH(RRu\\1\BүF`\~>QpT\zR@z	z_\:\\\Ɨ{\t\SAдL@ 	)]\\\J(!TT\#Թ9gh%\pl\R\\03$\f) ǷXPL×1z\\'\E,&)\&(%`Тh!]u0V;H\0A\W\m]SO\gw;U+\YIV\-i!A>d~O\dU\z~G$)\nR%fg}wO\Xo2X\\\$:\\rFЋeXm\IH\\ќ\0\\\*\\\\0@9N\\{\;q9z\),&b-J6/jP.\j,\\⒙\J꒰C\.\So\=VT~f\.mܵZ<_\ȴ-*ҮK\=;\NB\,u宥lC\\d8Rt\n{\R2	4\Nsf\oɜkHN̚rJs)JG\\0I5`\9D\0\Af<:\C\&R	\"i9!e 0\Gyϓ\!\֦jTxf*u\%D|H2T!ӟﭨ\Cm ;\\K9^l]D3=R\0\\\0MJ\f\"*eIQ/FB^6	)*\AԚJA\\.mo|,t\9\AH)*g<\\\F(R\SZ\JTH?\M\'\"s#1 Y\n\&qR]\\)@\\-\%o Ty>d\*Sk¹u\>o#oFX#-\\Z3\9e\-Q}ĩo2g,479\0h׵\,_\0a\MI	I\#\\x\>w\\\7_2`I\ZMD_\_J\$0\\Չ/>s>>\h\4=\'(q\n)&<\{7^\'1* ,\x\1jU\=\rfZP\|&Ls#\O\,4\pT\nݡ<eSt9\	b?f=\RÅ\(P.\\a6⎝R&\"\0]\t\\$\H!\ZeX-)X^p\N]1dkTA#\\pS\\J̑EuRlvq\7,:BVe\cGbH(Z\rbzT\\DgHF븈\s\lS\0ԇd\'38f%:gΒ\Zl\nVX)۳Ƅ\\HR҉\YYMn\C\l5\\j\E\0eXI.v.#LsN|xMd}\'\nT\]\'0 ܿw\QVB\|CyG)4K\j=a71)RR\'\\\hIE\n\\+/L\^\\C/TLǠ\0\݈\*T\b)xrR*\n47Qo˳9)M\0RSr\0F[\\\'@@\2\+.Mi\\ӏ9J\\\D܁\W&\\\f)\;&3PS)61\:O\\qm\\ʔX\z6\\\dU4\?\\K\\\\4#%8,qZQ-eSZJ6-j\\I\\\A\{\7\âY,P@|\-mo\Z\\.j\?j\\׹fd\v$5s1\ZUl\50T\\\7`َ4ᐊ`l\~=\\ \Fm.iNT\Z\	?\A\nâIU\\0u\Xܵ3 qFk%\z\\іH+4rjt\G;ft֮\\07]\'P\)d\A\r\RTh\H%\\r[泚=\Wɦ\z86w8ĲT\,	ѶW\űBF\4<i$\"bz<\0q)\n\(ub]^qІ>\\'6\\l>\,\\6RT\\I\\D<Vx@sxI\c7ya,	K3r~d\Å^<\\\<gڼ+\^)e{\\$e$x\K,\\\pQF\Ztj\0u0\izuoh\I5@\Q,b%I!\0/\5\nt^VvK҆ś;\t)I~d\\Zae)\\nse=\ܧ0ؕ$)Ab\\n2T\V`3$?1[c֒阶MYw̎IB\.5JNc<)d4J?\^%)j]#5\nuNKG*$/%epʗ>\BGr2آR\Eh\\-*XJC{ulϚZV\B2(}Ŗ(\O(&$\"嚹ZZԤ \\\B\J29\RB\=\R\0h7a{,֥f9\1\z}Xg\eh !+]H5SƔ\"\+!D2Ajdd=\N[jF7%֩%IH\n\(kEriE*pM?(q\Tb,\\\ \b\5V_h\\RR߮ׄ\\ z\:\\H\;I)\(-S(b_\)$\^e_;z7sT ܶ~Q.^5\Zatۇ\93\ra\\ZZ\n75E3]\?=Bth\\Kwk\r}o%%Q܏ :{^J\# [`\̗\\~9s.\\\J	Z3fw\(G\ܵMK\jT\RI!\c{^V\\-\JjP;$Tx\*Pvp\S\Z\\\Z\1:\r%\u&^%7\C\T8\\<\\\+t@\ZoFb\N\ƧTP\=Nl\,\%2n\'\La\K\\{œF	SG(\0\\ӷٽe\|^SK\\\!\BG\\p\Xh\\=\G\/i1\'\-)\J\\\"*9\F\Y|1B\jM=#-@Q\'KPP*Mm\T?B{\\9N͈\B=B^\rFP\=H\\\bP,գrOp|DJi\~-\nO\r5N,No\!E것 u\\\BO\$\K\rؿ@\EhXp@ľ\K\?\\Ŧ,.\\JCXeK\椴\Q}Ji&D\a ]Zv\\$\00PJ\#Q\~iAFbF`\VH\0?R\\B)ZT4<\	\\X\IU(Fа\cF.ha\\\Z\w9RH*\˶\RՔ`\\"\XP\lrf֧,r\zeي\\\0L\0ȒR\\\%>`s~\E\0urr_ruIwXj̠^J;S\üQUNF\}N\N\\D%2\!)I%\m+3p\t\\qAk \Xr*\\G\r(P\Z0\\7OΑ`ZAR%@Q\n/^\\#<9V\0@\XCj_=\sӥ#M܁h/\rf`}\gB\.g\0׮\h\|jRIA\k(XRֺ\\l\\ $?\]I3W	&\%\\pD@\rhXd\	m\Pz\:\M*\\rB\\SxW5~\	eE,tTF[	\'D&w)b\êt\H%^\#4/\\DU\\\"\;(`\*E+ٹI\ᄌ2`\\Yqe]#yDB\D\\Gxl(5x!C(j״\ZYrԏ#\s]G_=\<\iuqMB\aF\?^}9O\\)as>c}@:[hԬZA\?\\L\-\W\dC\\(0\\0HuYT	o_`J*-\} ف\c\J>Dw!2\'1%oP]a=ڞIE>F&6QO\\\zt`H@\Y\rB~a\\X\A)py	})\\\n\\\uʚ{81]6\u:%+/2rR$)\\\r\)dB@%A\aȦ]\^¬(I&ǚ\[3!\eYR@v:޽m`\-j\0ga,,:4M\n\\	aD\0H}ʕu68\0\\/D\\*\(\H}Q\\bM\&\		b\nk￠:gJ\+ݴv\x@ R-\]4H_h͕%)\0\\źk\q2A\s8^(0\Z\OL%\\Z\äT5~\\\w\\җR\mh\d/J\\\f1\BTr\\f^\rx\\\rF%T`)XC\UaN\axDĹ`)b\r\ZRj\ɿ\!rInAu1UVIm\N`\q!AQp\4%\\\>\O\-*KV	8\\z\\pUr\\)oה/7ÔԚD\JDa99h%\&^+\\I97Cͽ\,\+0׋N\n&\Q.Lj:C!\5O\'h\Q\DŴO\\ZT\\nE\(K\ֽ;tFaQ\Q:W+F	\P?]H5h\n1,h?Fӊo_`Kj)\\'Հ\ȚX\]\2Z`\P|)}\\0<\A.K\\\u\0Y5H][o\̠H\hk\\C,\ok<-\R\n\K^\nr+J\=4LM\72pS\^7I+rTۏZ|h\Xj(s79\\ \@+\\Qq9JcC\03rO\f*d^\S fK)KJS^\rE\I\0\t\n\rl;\Lēs71,\Wˡ`<P%B\?x\leAV\\aRv,\"T\\\PAHcTbg\b\Z*9PHS^J\08LMTY`փg\0aLQŻ\ʓ@\/Xz/CR\(\\10G)\@\Z>+\!< m`\\\'*\qC\~>pb\n\\)NR,(\\\\\n\\$,T\\FԖG\\ѓ\A$^#ù\'\\\X,D.\nX׊w\n\\\Tw0:\i\ OH\Z\H\dADh\H\\f\ \A2eP\\Nw\\22&\n,9\J_vm\#\"}ATݨ\\rlKY$IV221\i\r8@a	燚$43dd(b$(\q	add8e+@{H\ R\22,$Dp\\\22&\nĤe\.\r(\Ȝ5\b:9S|Q!5H@JPW15>_&\#2i.\22%\Qa\xRGq\\'\AMxI#\F\## \','\"download.jpg\"',4,''),(2,'\\\0JFIF\0\0\0\0\0\0\\0\0	\Z\Z\Z\Z( %!1!%)+...383-7(-.+\n\n\n\r-%%----------------------------+-------------+-------\0\0\"\0\\0\0\0\0\0\0\0\0\0\0\0\0\0\0\\0A\0\0\0\0!1AQ\"aq2#BRb\3r\\CSc\\\0\0\0\0\0\0\0\0\0\0\0\0\0\0\\0*\0\0\0\0\0\0\0\0!1A\"Qa#2q\\\0\0\0?\0`ghʽ)\Z\r\ p&ݲӬK2J\0IRu\"(\M\U<sP3eB\@\B\T) ;U:mbR\0N\\i!JI,\\^&pj\r*	\\8ewTr[\@o1@UqEjЈaBҗtꞕmG)ĺV5\(P\f#F\"\4/\Z\8T\BT\	a\9u\rby(*4\K,\E</+\)XO*BG\w\N!IRR]A$gVVb+zi\\M\'\\y.@c\\nZa%2$b: w	\0Ӳ/))Zf$:]\HgK}ܮ\wOb\I\n!¥\(Wj$v%\nI+\!dډTG_~*ѤI\\<X!J9I\?;yD8\	}]V\Pz~\&-$8Lď\'oF0ٴ%@PO]i\Mj5\p	?[\/\"(ES31\ce`*V_3\r\\`\D?ʒG\\)ޢPS\0R F&R(+ud	I\'q֑%0LHP%\<\$ĝT\;K>\b)(Ni\0S\,\+%:)OR $\Z}Ao!H$(X?\.3ydRH\\`\ԆfKm\&vP\Zކ\d\Lt\\\n2d\\J{9Ҳ\r\	FNC\\\cP)%\آ&&qLxy\nV7/	qx\.\\'\i\0QԆF@\0^셖%$\\v6P\ZI9\e)رԠG2s\\̞;Wkp\'Q*\&e$*\JUT*\\Tn@\W\I\=gԔz\r\Z9\H3\ҽ70-	̡\J4Q{u\\\AIij4KylI.\\"\OՑ{0\"f(fKɻ8A\f{i\R\0{\\\P!N,t#j|\	2\bSRs\g}\W&\\gK斲v\Tnԁ\JA d!$y\4\G\_\\049\\*\ \Z\\z/`Bn\p`rNUzG)gL\Ƅ=K\"T9\RlA\	qT\\V\`\s ZT\e\ Ru`\,\	bfF\M\Z\\bJ򨊔*}\\0V\Z\:aq)Kt<n`K/P\JNT\ZB褏RvW \R[\n~W\\q2h%`I\%3h\#\r\Zi\\r1jܵ{\`O-2:*\WyjyO|\?b֙A֛\\7\ZV\\; F,=,$Y\R=Yg\2\ZIZ\n\\M$>;\x5̨\r>pF.c&Xw\nX\\@LdJ\=\0))b\0\'?wU%K=X[G0G\Z[TQe\n덥\h3\:h\BVe!+QcYE y%\'V\\\ -rHq3sjV\^\\R\\ ңr̥!*\FH\ܾ\Z\0!J\bG\\0,\"\@~\>G+梁4gS\%H]Ôv\lE;\\j\2%\ jЏJYX>e\YDXK-)$f!\\bj49@%\&\ů-O)!%\0\k\\)YU0\E\(\H\ZfA\:ghS`gcY\fs\0^jQ\G\\\\0F`w|\]%\1ZQh)\+RAm\diQ\@>E@s3m,\0\r\h)e=۱T/\\\A|\"J5\Kup\0e\'b\!i@\N=\"\t2W)#\FҔRФъB[\\b_\0Vd\+\0ޱL7 7WIB\n2	|JP\\\\x\\$jT_\\j\ZDx5 3\\k;\s8\2j+bMS1YU\@SQb\\\Òy2fJ, c\f0*z\\0ǨOèAE2r\'BUnDNC;\n\!H)RT\XvuaP|\0^	*H\>QfK\Z]\\\\b\\IRҦl#3P*\\Ac\\\!FA&\ \0Ձa\(\D\\rj\Z\Z\II\\b\,KX$*Y\\ϛ\.+Sr\B\Rn\r\\\\}\\_\3Dɼ\)\]I7J@P\Zc9$%	#\0b\?ThA`vW>]\2AQpZ`2\D\U\\$\S9;,\0+vk\\r\\4\Vr)@Ճm\?c\n\\0(HgKR`\\@@rBju\K)\Zd\\BWV`H\\yҩKTVb+\+h\\\OK+\˔zԶ\b\.b\\%I*3M|4~	\'-L\X,YETK%W\'^JIJX@X\'*	\$y\)9ך\\#ĘM\\Z4DŁ\\\΄\\I&\a#rr\\\\0`Vq	̅&Vk\n\0\e0ቔ\0*RRb:2uލ\\%J	\S,\3LQ>S=\"wēYR(\`|\S}\iA\\\\\Lgd\rl2\\\r9e\#%ھq\d\0\8e\5#k\B,F\'*\x\N\"\\0IVvf0\Kxx\P29ztknJ-U\\;G^7hx\\\\### NR	\R4DhZ\! t(\0#)/\\f\Cl\݂#j`)#\dy\n\Zd˖I\"Q\0\\\0\+\K	)C\OH$(UKX\0_ѩ\?S-HKl\ZHg6\\09H/\\^ר\(	uJ\*GE\ad\\Sgb4?1\'<Θ̲R.Hg\rܴ\\\0\_?P>c\\k<c\\nfMr[95pI_Dϙ\<I\\\kv!\\zU(#R\\0J#9k8\0\\SJV\;!3]9\\4\R](ԋǟH\\0\b\(`H\\!}\iMn\)I!\6/\\8\0CyIUf/?1&}IÑ`\0\0\0\v7A;Z\,RHʳQ~Sve\'x\\e8^W(r\L2\\-+A%#\CO\$5rnA{[0\\<\Pg3EA/\J7\%\ZJ\ϣ fmvNl\\V̪\Z$&v=&N\fr(TM]\Z}\u\Z_2\\aA6\?^d\-5C94 WRzp\U*K\@\0Ϻy-\q\SA\%H!w41_\N\5j Vԣ$Ϥ5Z	QR\4ϢRGRM\Z&X<)RB\fJjbJ{;(Ax\\'Y/R$W3]$y\"R\IJQ>޵>Nzf\\nhgZ\\\V\Ox1*\hs뚬mB\tn\0\r72\씒\0̯X\I+J%,REBh\rl\p>\H\KQ\0P?$\\\\\0H@wR*-dT<k\ ~\,Bu\0ڹ\N[$\\\dT\\T\\.k5M\MصӰ7<@vD\$\\8^Aǐ\\r\0y\Jc^\\o\"h\9\~\xd\ǔ֊\f7x\lFѲX\51 ffq\n>`W\?=\KBzZTTZ\]ư)b2>Jj\Z[8f)\ΐ	K\C|\p2X2v*[ \W06++&Iy\\ޖo!\0	~rj\x\hZRY>97p\\P\G>q%wĐJd/J	r\0bK,T\sqV\"BrB\Zi\\\n\M#̘TPTI  RQD<vz\pO\\\r\鸍pO/|.W\n\_<u\p\1qQ\\uZg\4`4\&@\_\ǣyc\\\LD\0=^\B\\\\W\?\0\n_1)\r\_\!S\g\X>\'X\x\鷯2m?\VB;Q\W2\r	\>\f~ҕ6b+Zňp3556\08,2\\\0K.P+J\X\'5ޑ[M̔4\K\I)X\,|(%,\?\\:t&*3(by3M\f\2χc$бNt2BYor+\\\M\t\0p{TX+J?Hd\ª:bgFČ\TO\9\\\n̕\ T\"Z\ZVՒ\\`L@NpL$\0/\rJ_\ˈJUL/>\r\r4F\G:qՍh:w\ZzEc*d-WT\P/Q$v\\*\\\`\D\M(\%\,>\g0N\j\\%JB\\\B\!g\d,&\ \n2\\L\l\\\M\\\0\Zh|\	\REႛ\0QbR3(Kc\k\\LM&c\f)܊*:$UV̐MÄ\n72TXR\nHap\Zz&8(\\)YH\\\Pb|B\\$\#B\n\rN\| \Xp$wyK{$ݡ\l\ʗM\&\\\*s\z^XZĒ\\(\ \4\1tXx!@)|K\\IM>\T5\h @1#ɱFb\*\:zjH\/\Q/HUÁ\#\|^asELK,7Dφq>U\Z\0cҽa\nu%b(\\:\iғ\Zh_%\\'))\\YI?\d͙%\R+jgS\ )\\J\;l@\P\a\ʘ~+Ueͣ,(x\X\)7HU\P\nWu\"y%$\aIp9NS(\$ZI3%\JH(RRu\\1\BүF`\~>QpT\zR@z	z_\:\\\Ɨ{\t\SAдL@ 	)]\\\J(!TT\#Թ9gh%\pl\R\\03$\f) ǷXPL×1z\\'\E,&)\&(%`Тh!]u0V;H\0A\W\m]SO\gw;U+\YIV\-i!A>d~O\dU\z~G$)\nR%fg}wO\Xo2X\\\$:\\rFЋeXm\IH\\ќ\0\\\*\\\\0@9N\\{\;q9z\),&b-J6/jP.\j,\\⒙\J꒰C\.\So\=VT~f\.mܵZ<_\ȴ-*ҮK\=;\NB\,u宥lC\\d8Rt\n{\R2	4\Nsf\oɜkHN̚rJs)JG\\0I5`\9D\0\Af<:\C\&R	\"i9!e 0\Gyϓ\!\֦jTxf*u\%D|H2T!ӟﭨ\Cm ;\\K9^l]D3=R\0\\\0MJ\f\"*eIQ/FB^6	)*\AԚJA\\.mo|,t\9\AH)*g<\\\F(R\SZ\JTH?\M\'\"s#1 Y\n\&qR]\\)@\\-\%o Ty>d\*Sk¹u\>o#oFX#-\\Z3\9e\-Q}ĩo2g,479\0h׵\,_\0a\MI	I\#\\x\>w\\\7_2`I\ZMD_\_J\$0\\Չ/>s>>\h\4=\'(q\n)&<\{7^\'1* ,\x\1jU\=\rfZP\|&Ls#\O\,4\pT\nݡ<eSt9\	b?f=\RÅ\(P.\\a6⎝R&\"\0]\t\\$\H!\ZeX-)X^p\N]1dkTA#\\pS\\J̑EuRlvq\7,:BVe\cGbH(Z\rbzT\\DgHF븈\s\lS\0ԇd\'38f%:gΒ\Zl\nVX)۳Ƅ\\HR҉\YYMn\C\l5\\j\E\0eXI.v.#LsN|xMd}\'\nT\]\'0 ܿw\QVB\|CyG)4K\j=a71)RR\'\\\hIE\n\\+/L\^\\C/TLǠ\0\݈\*T\b)xrR*\n47Qo˳9)M\0RSr\0F[\\\'@@\2\+.Mi\\ӏ9J\\\D܁\W&\\\f)\;&3PS)61\:O\\qm\\ʔX\z6\\\dU4\?\\K\\\\4#%8,qZQ-eSZJ6-j\\I\\\A\{\7\âY,P@|\-mo\Z\\.j\?j\\׹fd\v$5s1\ZUl\50T\\\7`َ4ᐊ`l\~=\\ \Fm.iNT\Z\	?\A\nâIU\\0u\Xܵ3 qFk%\z\\іH+4rjt\G;ft֮\\07]\'P\)d\A\r\RTh\H%\\r[泚=\Wɦ\z86w8ĲT\,	ѶW\űBF\4<i$\"bz<\0q)\n\(ub]^qІ>\\'6\\l>\,\\6RT\\I\\D<Vx@sxI\c7ya,	K3r~d\Å^<\\\<gڼ+\^)e{\\$e$x\K,\\\pQF\Ztj\0u0\izuoh\I5@\Q,b%I!\0/\5\nt^VvK҆ś;\t)I~d\\Zae)\\nse=\ܧ0ؕ$)Ab\\n2T\V`3$?1[c֒阶MYw̎IB\.5JNc<)d4J?\^%)j]#5\nuNKG*$/%epʗ>\BGr2آR\Eh\\-*XJC{ulϚZV\B2(}Ŗ(\O(&$\"嚹ZZԤ \\\B\J29\RB\=\R\0h7a{,֥f9\1\z}Xg\eh !+]H5SƔ\"\+!D2Ajdd=\N[jF7%֩%IH\n\(kEriE*pM?(q\Tb,\\\ \b\5V_h\\RR߮ׄ\\ z\:\\H\;I)\(-S(b_\)$\^e_;z7sT ܶ~Q.^5\Zatۇ\93\ra\\ZZ\n75E3]\?=Bth\\Kwk\r}o%%Q܏ :{^J\# [`\̗\\~9s.\\\J	Z3fw\(G\ܵMK\jT\RI!\c{^V\\-\JjP;$Tx\*Pvp\S\Z\\\Z\1:\r%\u&^%7\C\T8\\<\\\+t@\ZoFb\N\ƧTP\=Nl\,\%2n\'\La\K\\{œF	SG(\0\\ӷٽe\|^SK\\\!\BG\\p\Xh\\=\G\/i1\'\-)\J\\\"*9\F\Y|1B\jM=#-@Q\'KPP*Mm\T?B{\\9N͈\B=B^\rFP\=H\\\bP,գrOp|DJi\~-\nO\r5N,No\!E것 u\\\BO\$\K\rؿ@\EhXp@ľ\K\?\\Ŧ,.\\JCXeK\椴\Q}Ji&D\a ]Zv\\$\00PJ\#Q\~iAFbF`\VH\0?R\\B)ZT4<\	\\X\IU(Fа\cF.ha\\\Z\w9RH*\˶\RՔ`\\"\XP\lrf֧,r\zeي\\\0L\0ȒR\\\%>`s~\E\0urr_ruIwXj̠^J;S\üQUNF\}N\N\\D%2\!)I%\m+3p\t\\qAk \Xr*\\G\r(P\Z0\\7OΑ`ZAR%@Q\n/^\\#<9V\0@\XCj_=\sӥ#M܁h/\rf`}\gB\.g\0׮\h\|jRIA\k(XRֺ\\l\\ $?\]I3W	&\%\\pD@\rhXd\	m\Pz\:\M*\\rB\\SxW5~\	eE,tTF[	\'D&w)b\êt\H%^\#4/\\DU\\\"\;(`\*E+ٹI\ᄌ2`\\Yqe]#yDB\D\\Gxl(5x!C(j״\ZYrԏ#\s]G_=\<\iuqMB\aF\?^}9O\\)as>c}@:[hԬZA\?\\L\-\W\dC\\(0\\0HuYT	o_`J*-\} ف\c\J>Dw!2\'1%oP]a=ڞIE>F&6QO\\\zt`H@\Y\rB~a\\X\A)py	})\\\n\\\uʚ{81]6\u:%+/2rR$)\\\r\)dB@%A\aȦ]\^¬(I&ǚ\[3!\eYR@v:޽m`\-j\0ga,,:4M\n\\	aD\0H}ʕu68\0\\/D\\*\(\H}Q\\bM\&\		b\nk￠:gJ\+ݴv\x@ R-\]4H_h͕%)\0\\źk\q2A\s8^(0\Z\OL%\\Z\äT5~\\\w\\җR\mh\d/J\\\f1\BTr\\f^\rx\\\rF%T`)XC\UaN\axDĹ`)b\r\ZRj\ɿ\!rInAu1UVIm\N`\q!AQp\4%\\\>\O\-*KV	8\\z\\pUr\\)oה/7ÔԚD\JDa99h%\&^+\\I97Cͽ\,\+0׋N\n&\Q.Lj:C!\5O\'h\Q\DŴO\\ZT\\nE\(K\ֽ;tFaQ\Q:W+F	\P?]H5h\n1,h?Fӊo_`Kj)\\'Հ\ȚX\]\2Z`\P|)}\\0<\A.K\\\u\0Y5H][o\̠H\hk\\C,\ok<-\R\n\K^\nr+J\=4LM\72pS\^7I+rTۏZ|h\Xj(s79\\ \@+\\Qq9JcC\03rO\f*d^\S fK)KJS^\rE\I\0\t\n\rl;\Lēs71,\Wˡ`<P%B\?x\leAV\\aRv,\"T\\\PAHcTbg\b\Z*9PHS^J\08LMTY`փg\0aLQŻ\ʓ@\/Xz/CR\(\\10G)\@\Z>+\!< m`\\\'*\qC\~>pb\n\\)NR,(\\\\\n\\$,T\\FԖG\\ѓ\A$^#ù\'\\\X,D.\nX׊w\n\\\Tw0:\i\ OH\Z\H\dADh\H\\f\ \A2eP\\Nw\\22&\n,9\J_vm\#\"}ATݨ\\rlKY$IV221\i\r8@a	燚$43dd(b$(\q	add8e+@{H\ R\22,$Dp\\\22&\nĤe\.\r(\Ȝ5\b:9S|Q!5H@JPW15>_&\#2i.\22%\Qa\xRGq\\'\AMxI#\F\## \','\"download.jpg\"',4,''),(3,'\\\0JFIF\0\0`\0`\0\0\\0C\0\n\n\n		\n\Z%\Z# , #&\')*)-0-(0%()(\\0C\n\n\n\n(\Z\Z((((((((((((((((((((((((((((((((((((((((((((((((((\0>\"\0\\0\0\0\0\0\0\0\0\0\0\0	\n\\0\0\0\0}\0!1AQa\"q2#BR\$3br	\n\Z%&\'()*456789:CDEFGHIJSTUVWXYZcdefghijstuvwxyz\\\\\\\\\\\\\\\\\\\\\\\\\\\\\\0\0\0\0\0\0\0\0	\n\\0\0\0w\0!1AQaq\"2B	#3Rbr\\n$4\%\Z&\'()*56789:CDEFGHIJSTUVWXYZcdefghijstuvwxyz\\\\\\\\\\\\\\\\\\\\\\\\\\\\\0\0\0?\0\\ޣZ.x\yRօ\5hC\Z\\qGAI\\0\sQ㚐ny x^:ФSץZ\)긧\H BSF@\NE5c.H^i1i\>T5!QhL\\J~knN)9\NĔ\qaMY`Ur;\nI=h\ˊUz\nii\49c*P8(\+;\0f\piҐCV\\EQJ&\\rY\\A \7\DsT\Sjp\\j c^kUM+J\\e7L3O\\3Rx\\n\~QֳUVRv8N\\.G<YRZs\k=\ii@:Rd\\mzQOT\uh\GN)\(\+\䌭}+4J\$kѵ$h\"x\0edR~qdePMq;{fȲ=+J\=3u{ĳ\]j7%iM9\}\\{⤹	.m;!irF\\'\##ҠS^\V\ԗ4TyQU`;i\x5E*A\fC\W4+qM\r\fdH[&j2٤U\S㚨֦FL]dqҞzsP\\qO\'=+DB,\}pM0֜ԽF5};\e]Ncq\޲\5\\\FE?}EsL1\ֲ\TrR\	֚\\'APJޕb \0\R53\6\L\0\R\n@Ê*6<T\E\2:SGZRm@\RCUs\\KR%ȟ#\rM3\'\\V`&0isSnq-H\\'&&/\C,w\)6PF\nip\0`\\)vsn\yN9C/J\Elnm\\\0kġ.D](3;*@b+\!cJ;p*\u7S21HDj\Z;\H\hثF9D\\\>,od\\\!&賁\\0Q\q^\\\[ȮSH\Kgh匆WSt \\嚺֞fNN.\#\-2\E\Q\ѿ\[9<kAg\kO\C5\\\RWhE4-&\:l+{mfn\\0py;{\#_47O\\[\i;8#$\+F˯O74_\ψ\^>բ\\h@\cf-zeD\\x\Z}7օqA\4S<\C~\4\\"eoZpn*lP$\ER%sL\r%\P459[9\H\q֠S֫a{T\Re\"\M\RT\ji\Z>[\'5\"5;\xb5)v\\\^ȸ\'\"ᥝ=j/ڔe\0\<W9r\%\\X\*9\LA\}kz\Q/#GޠBL\Z$W!\4\`)3Q3T;f݁U5.sBd}\eʧ\n˦\̲k.}(F\99\)	$*B\29>42 \N\#c\i\\D\؇۱ywzDe-^+\-\\;\nKh(\\f$\UZZTST|Gjm4@<\-\`8ɬ,J\|W>_O\\j\HI\{\F@ri괠Sl\0Ly\c4LRcc!#D\\*\)wJԊ.\nY\H\νw\\\Z>#h\f6>il\\w\x\\~SoR\p\\WK\\wP׮mF@B\r\Z\")5]]\03\\\\S\z\\	dݷZ\!\?޶|=\\0\Z(1\\'\\\Fm\#O=׿QXz.\嬚~%6YN\nЃ\֔\fԵL\$\5?	k\ZNnaz\\S\A\|k\w\v\\\Z\\9D`H\\\I8\<Z\3v\B (6QN\sx&\j-\\n,\"aIJ(\Dż)\Z7uZ^i^j~j\\J\~Hjt\\J\\\XFJةc~h\psOQ\PoLm\YO\n\<Ujiґ\^k\\=Z.q+\/SͷH\e6\]L\n\G`Q\\:\%C,EW\\Z\GT[}j|s\mO\\xRu\jIH\\isS.\$fnG+Oo?9\2\w[\\\\PT\ޡ*pN8隀D9\~z[[wVa=jIl\\N\B\+ϵ4>V6&\*B\.\\S˲u\\Letmnɭ.HI\U\\\\(\\e_?#\\\8cҕ9\Y\h\\0\~5ш\0r1޸vr[rq\0\[r{\u\o\n+2ΩcD\0?αX\\\Zꭥ[\g ic\Z\8\S=nh6\s\]`9¶\\K,zw2HŜ՚\\&߈[X\kb\^}\;>.xZ\õC{\y})\ޙ\\nb9N\q\\n9u␧<R\6M\M\E4/yTW\ZYf@Gf=\Jaҡ\`^*1ٱ\Z\vWf\rݰgq>6ӷF\ȭ\\\ǽj\\\\ݎ3Xӕ\/tԅjl\N\5PtFWGJw!\(6QUqFiv\)2h\F\=i@\:F)!sNSLM8P$O\54lEVN\rJ\Ҹ$O5,J\\\P2]\\"6sU枦GJ˿хz\\s\W\%F\B+\\L|MȮbwM\\\><>N68\rVZ,\0\'ox\2\U\'Dkh\GqEv\|\FGC\o5F\E\\:\ҟ\r|o/\< 5e\ʟ\_\\WDOTWd!mYcbLq\\\\0\IQN+S	.	iue\ \\r\ڪN65T\.\\q_\\BPŒH3I\//ʑf29?_3m4\Ƈs@g\\F$k̈r\\M\:\IYiawgx\'Æ\?\	6\0kOYK]\*\0H\\\]\Am\5r\FbUv\'&Yp\I:U\1\\G\ٞc&4\Mp\"}\Hq\&\\6G͕	\>\hbVڧ%v\\6TpziY\0f\N\\]!Z\'Nz\p%\n..$DS+\\\9F\\\Qgs)e+Gc\\\Gy$0\TwǽbT\\N\0XЎNIW\\vp&4I\9\>+<{%Oj\by\\\x,t)d\\0?Z߶1\ȼn]\+v·-Pb/\"\s\\+;\\7\\0\\p^5~\\\\ag{\\"u\\V\͌\2}Q.<ڼDeRr8e\\e暬m\\\Mr,ǻWF%\2N8\\\\tϴ\\>b\]]\!+!!p3:U\ʎ`\nrQ\\0TM[\!7/!\s^\\\\\\-\\dE\ߕz\\Dὴ0\1]qöɍ<G\_g\0JBŜNOrzzr}*M\m\bH\\`>\q\Z8\L(sVΞ\\\\n\Z\\"-<6+\rݱhq3:`nb1\'\\}\&9aQ<u#\'hpd)\\0\nom\\\\\\\f8Qן\f-]ʳmȀ\-\\_bxDڴ	\hᑳ&ÂW\漗\/t\"\%\\'\0\ҲEZ\\t\(xuG\A>\y6\WڷOc+\\3\\\]c\i\k\-$Vc^F,ǭz/lz\3I.;\\#`\rsXq^\[!5qY#1)\\r[]!+\%	)\PCq\8zP\\4ړ\ZqQ\I\"z*.:zADyz\Є<S)zP4(85\}\D\'\Wv\J𜅴TωW\k/t\\!\Lrj\z\"_hu\#\\+\ƫ\\n1\@ܣ%I\k\\0bhZ7(\Ot\U\h-\n(T\\c&[zֳ5ɷ2\\D\%\N#f\,WqwW\qR%\0hP\4DO~:}2*	\rL\0\kS\#!D\+б\Qc#q\TֲReLS\y̮p\sV5\{2u,Q\0\\rUe\N7z\\I\iqwv\1>_On[\\\\\\beª6+串B\6pGqRgZP\(HT\;T=2j홖PYB;\\migu\\h\'U۲Q!e\vĆ\\U\Z\r+ȗ]=\"T.\'c>\\z0cc,K\\}?\ZٖQ4\\Z[BrŇ$֭G$\Lv\I8\n7cw\\Rv)T\\"?$\".	>ǿ\Q\vB0PZV\0PN^\\\\X\8bq?\ֲI\\\.\aG|j\Z\*.:	g$:KG\QDxUXcf\s|Zmq=G4^I\>o\\ߟzq ֨34jB\0j\lA~U8\0rO׽2	+\S\y\}A\"O\\\1\Vn\䯀]N?\u\ً\")B~\\}+L\1YTm\?\\_j\(ۂÒ\\jo\n\s뚜C19pEwЋn\\ΧE97k^\&f\cۓ\?0?:m#\\vl\n\'j\\|VEE\n\0^\Q\b[\^\t!\nz\9{\-n\倬{\E\\j\0VgvU`ОwT9e{\u+kNgS&Wq\\;\[T~f\0\B.\0Q\n\ZuwHoe</ֹ=Gq\0<6Mp\Wݖn\0:ܱ\rMi\n3;\Y[\'\\'\>]N_]H\r1ݱ\\\\Ue9cdr?*ꏼ\Z<^\f\Ƹڽ01^i\3^▊)\)\}\<K)ygy؇﨣̲\f\0Z\тp3Ҳ\0m\ː5\r\\\b\\0\\"\\6E\`8j\<=u\Z\\'Y\)!.#\~9]\bѠ\qRPV\#J8@!!^\r=FiH☑XGV\ԱSJ:S$-\";ޠG=*\nC\\\ůwm	\@\\O|lNEI\*\u0ўi\1g#\6I>ժwW$b\\`_5\?t\\\\<\w\\p>\%Baslg\}?\\`.\H8{5SFRϹ/5oa\π_h\kvKHq\Tw\\\ڱ\\\r*\_\zV\M\NHs<)m\{r\Zy?Fehd&$n LU	\\\^ɮiGS\"\kXۼ\\\}\r+@<@<V\$\\\Z\\XP\c\ּ\lwA\a\\M8aϦ)aۢDNO\\n&V\\?w\iR\'`aa\7Șz[e6.\Wo~¢\\Tv\R7܏2\8rXT\,Q\_^ɷ\/p6i1\\M\'\\'\Ҷ.\"\%|\\\noQ>\\0tq\\4\p\}\\0*2\jWw\p G2s\\$\Ej<\\n)U{\0©Fے\\Aev$ib-\$rpp>%in`.\ڊO\Β.;\0#@8,I%}\O5wq\;]\\\\^\-\lwP\\\\nX\\G g>:]	\ \\{n\4\rgُأQ\\\\qyq{w\'U\\\\Oa;E7cx]\\\\`3fo-辸=\ꮱK\"\0_d(\U8\:\0\GITY^\sG\Ǡ\nrJ?jpεH\o K;y\\0h\]\A\+Ԯ-1-I.G溟Ie7\ro\w0\\0zߟ^+ף{\XM\eF\O|s\\oʲjr\s3;Mi\\!˦\\$\\0\?729\zaX?\n\'\]7 Pv\0RD\\<\Oql-\\\;Ol\5_=pZ\\+\\$\\8U\S3F1gjww͵@\Oְ/w*F1}\0\\Po\ݎܟ\+\\\[\-H\\m9c\RgRujߔ?HcS\\.6&\05\\V\\9\0_ƺ/vs0]Å]\\Ѫ\\t\|9\\]6\q\\&su\+\\h۞a[\w2mEsyT:3\+\"v\a\.x\|Ss1ә $\N6\z4\>\\F#\\\+\\{We\\^Xm\q\ԜkϨyձ\0\npq@Ϳ\r^Uc\q]ebkv+\-\\\2\\2\\\Y)\'\\\rkA\g%\\\.dP\\J\\\\qPEHz\hETi\\)Tg\"a\uXc|LQV\\!\H*FX8%@I:7\\Ӭd0]F \\0_qS(\0-]X7:/Y;\FU݊\\PU!\z\#v _^O\&\\,ǁ+\ᅱ\v\Q\\~0\\}+$+\x~\?:0U9vG\kڑp6\,( }b<\\|\2ƻߺw\&HW8,j3+6I\ޚJ\0rC\0Ǳб@L?1\0@Ef\\\F\m12.r?L\6\\\$!2փ2m<\09i\d񞇜\0:\ff<ћ>̝\Z\R=\\ִ2E]\#58M\ p\`\\\ղ΋e\{(ʣ8\\\nZ0\%xlu\u\Z+H\FF:?\0jm1\rڳ(\ns\\\uU)b%?t\\dfV\Y@n\\Ad\R29<ep=2\pG>0@a\$~.-dY\0\n?fRЉIFY\=\\W\`\\\\U}N%oM;b\\Qf\;{X\~V\\Pp\jR\Ae\rˑH\~y?UBMEP\"\SDy\\~).\%[{gg\\\-\aZ72m\0(\~\\\=\&\\\\ZƄ/#\}OLzTJ\jTnވXǓijT8\A\o^߅UAl($js=Rr{pkC\n#I\(QՏ?\Ҫ\\\\Ab\\)\媅y[\{zW<ټ\CkVoq;\}\>?\n\\K+yC<\$A\^n\r\/y4\"cy\\\X8\\\0\[:M\-w\08iO3~TBW,[O\%@\0RO\T\r.#\\0+]YoJ\9={{ҷuAɞ=R暑\i؁F0v\K\"\Ҟ\0\5!*FFG׽Q}\\һzE971\8\wd\"s\r\\rvVXi	y\C\G\)3\\\rp<)ϽrQ#\?u\Hw:\#qn9g&\Ib\n\r\/-yo?\.\Z\k(]G/a\rMkih*a\T\Ub\0(?\n`Yd*x\&\)GC\\\\Ƕk\j\r:\\@`\H\\5xb\\ε5\`aҸx\Y\Zv0>}\\<\ڤ\^G-\ޤΡYrO\k|^#\Wݞ]I]\z\\vW<-gj@-U\y\0\4\\n\Vv=\G4\\F}*\?t^\lx<W7c1`A\	򻉣ٞh\\h#\"\SFg\N\M?gZ\0\\@ROQF9\L\zE歄\M>(h\n[sL(Fx\*dS`EȤsV\Z3\I\sR;N9\it\=\nGZ\д\uk嵈\\%I\H֧|!Y\0\7\zyX\p\r4\4\\a8\nv\̋i]܃޶lv҅&rH\\\fX\gWa J\Idl)\j\Ҭ\ Aȥg7s\Ύ&t]6K\'{*ŗ\ac$ކ%\rz\doQ<?\Z\\\\ r%z6\xl7r?Θ&B\>g\C~\1#=zt6^\L\\q\0\\S\*ʭI-T`s\\1\0\M4p\v;7=rpi\\\F\B\ *:\Ө08\8.bi5p˹dv\c\\\%r\b\y\)&5Ԛc\I\'\?\nt2b	/K+\A\1VU\q1,HI\\\\\Ĩ\"2C*+\'\ԩ\_&\nw\nSr!ly\y8y\0i6%\:\>\VN.o\T0s\Gll֒H\Q(eOAְwFsZ\-\\\+)ڹ\'~?󚡨OmOj,[\=r>kJ\\][9fsR}c$Vzqr\\\]\6\\\=ٟrww>j\"l? #\8\S\\\\\Ax\;\\Ԑ\0\oh\\Z\\\ZUA\\>|\{\"\\0\\\\Ӷ: ޗ\';g,|\̍\=Oly|uYRZI~\=\0\$\ޙQX0\e#\j\ӹ\\[\PG\3e\qv*[\\ݴaXㅢ\;\А\2T >\-\l	$\\U*\ZQ?Ș\Mw\wGՍh\Xm\\\\D\\9?z\71[\$r\8v8UNDg\\\\\9%S?*w>\\.ҫ*Xt?VI%8;{\\Ui3+\^ⵎfu\\[\\5\\F=}k\n\R6@\zwĈQ\08\\+\\\XK\pG\=+\Z\ZS\\Z\\q!ŻG\t*\\ǚzZ܏N}\I-\'\h\ \\0;ēWRw;-R϶0qu0skIff\&R\D\\\\OZ\\SR9q5Uk⏉Fe#}}k\w<l[\q\c\L.	nqöp\{Il\9pqb߷\\jM\\\p~\OdfO\0y\\c5hVښ8ӕ<\\n$\2h{\/=aݧ*nO!3)wq]刉ڦXļTHv!	\DSH\\=M#N42\TO\\I\Ղ1HH\?z\\nݬ\#Yc\0lu\fcE\'\'s߅z}Վ\^Gu#\kJ7g`\Ņ\0\ \V\YY\z}kwUu0/@7/=+\]\\\\A\n=\ZT]Fs_©$\\$\\\\ۮ?*\A9&\ɺle\?ҵ&lDy\z\Ї,la9\\\%gk[\Rx\ڧ)9\\\r\YއLHs3\0\\1\nd3E@\?A\ԭ\0\STčQUWq9Ps\\0\rj,hr[(\\	\\W\|<\\,\gj\~|$y\+x@\s2#H2Υ>9\'U\]\{+֔8\Oaκ\\\\X\c&f\K?\w9\}N[C4q]]͹ث$q\\N\}j\>]\\\"aYMn\FQi\0?3\\\\<w$h%\w\?\^}X5dz\\tH\ˏ9]\I \\\x\\DBC\Fǒ\'OOb^\\q$ls9*=q\\*KrX\?\\\Nm\\\\\K5Ќ4\b.Ky\\R\$ID^=Y9\Z\)o\^\ElR\ԍ\\rj\	\I\\\Z@Ay\\?\\[r3݋1\V\lj\\i@\@\?;\rLn\\"\Wj+0\\\\ݕW\帚nw\~\\\zչeP\_+댌A׽s_CUc\x.\݃\\\Tb\n\*\C\Q\\9QpsR1wbS\X\DN$L\z`vq)i\<QP*7n\x\:\]Vn\{n\\\֥|\\\(\^O\n\E=\k\9yZ\"I\'\MtRZN	\v\\-\\9#r.MBnк/\"o\\8\\j\n^I卽?ﳷz\Z2\#\ZЅJw\m\\\\f\\I\s\xM|BnFEe`.j\xYd\a\?h\KQ}Z]%H\\\\d)HzdѵXYH^Oe\>\5-Q%\mTBI\\\U͍\\U5\NQW\5wQ΢J-ؤ\cKUȠ\&\"/r\[$E\\>\&\Y\r6C3@GI\x)nw\"Xw\\ϰ\ZԼ)\\vqn\4;TT`WM`\\Q&\ \\G\Rt\=y \\:g_|\\\+(\\\\Mi\\7dVrZ\VGB1SmiVBO]\q\6zb2Zz]&o4օM1[V\\h\nz\\Z0k\EXxg4v$\0\\Ma\>\\GE\ǭ*1B\nEjB\sȨ94FU\'^0vUXQ\@\"\\ᾉ,糐(\\N\O\\lp\s^\\M\\0_qk\.0c\0+t\ds\\RX6zVW\Z?\\I\:˚(k\~֟gbmxPjyo+֍q?xR~\\V}\\3XV0z0\\0_6t!7\Z\\\\\*\\]ß42{\\Xs\zh\\Y\\pN{T&W\'vv\\WYvp7\09V\\0=c[\'vH\\E\V\\qT|lp8UA\=1YNX(\e\\Y(\\'\ZV8۹=Dϗ \"~_e^\Z%lv0Q\}\\R(2\2\\'\0uǽb\G9n\r\Sl\\\b\\\#\'ɸ\\:r`dÌw\p#hUw}f)/Zg$7?tz\渻Z\\Eivଋ{/oǷ{\\\\ӉO]Nu\ݍJ\Á\Mk\\\\%\>qS\\\վVU\\m\"5g`\BFy\njZ$Z̾w-<\T8OASN=M&um።\}Ǡ\7zgvC5\qx\v\2Ⱦ\9\?\5%Է{Pio\\\ʵ\\\UkHXF$\\\Ԇ\mg$\-ԭ|\p]<sM\Z43[\	\\$շ0#>\zi1-\\"LOl\'ד\P˻3BhB#q\\n΢mjT$1\S´ZDO>V\xU)4I\\$xy&K?xGl6ui\\\w*\\"=\kټG\0\0W\3\XM[n.\mЎ->\[e{9\\`KtQ7G\iF\' +Ǖ\w銵7%}K\e\\0	\\\SJ\Ri.-١v\'\f\M\?C\\\`D\hI\x3&\@:\I\\D\\\"^g(\\5ݽ\}Bi&l~\	pdUguc5Ws\\'Df}6\\G \0I\\ҩ\\wNG2d\\FK0\Ee,\0i9\\\Y\\w\'\\z\t\\0\=Us\\\;*+u\~\Ydܬ$ <~$Z\\!;F66#]>}\`S;+ԅGC(\@`\gg~ECd\0c؇\kf\\h-\]pIo\rhb\\\3nxom#Y0\e\0.߭z\\"%I\+@VR\[\\ԁWS\ᨮ|\ud_5Uy\\\XG`I\8_KrF~l{zkř\=k\ĥ\<8\`vjz]\n\\"`\I{HCԀr=izԁ}W&]RPNLi\\n\}2F\\z=\ch\\'\W1Eկlِ]7w)\t\sE_x\E`\Z+$\xR ☕\"5܊C\\04z\\\\7iG4Ijh\<b\B\G9\*\58a:z_Ik2vO5\ivn7\G\7f\s.h\E\z\oi\\0`񮁠gSb|ǧ*\\\0^q\nH\0㷭zVGE\6\\F7\0G9\rTt!}*^h	\	spq^o}\_\;E4z\'\R\i9y7=:\,Gʞ\?V\Gh0ec\0!Ii\\';vi;hiB*\\\ɻ o=}2iڭ\\$nϯId 28f1׊זGS&\\0H\V\r5h)\x-6\\\0\\\Gs#Z৸Hqs\r\κm:u16?NX}7!\huR	\'*S*\0 \\0\\VE\i\0\T$n\'\ֺ\ĕ\첩Xq\-t\,2gaJ\'\߷qک\p\u\T\w!QT1\\\o\6\<\fi?\\<u^&	\~\S\9\0*\r{O3\D|\\}\\\\D\}K̸3\\n\\5\:u*\ۖmnWV\\0\?w}=\\r^\\FC\s=sS%\ݪ\\"kufG=}\h0\\|\xj\'R\+D;\qsb\\ma	ϩ\'\nε\"\nY\.\˝\\\\}{~j\-\&v\1\\~XQ\-M`GG<\9K5\Q[4v\06}9\Yol\one7\X\n}A[6k\l\g\n-#\S\'\o\Z[\O\0\\\	>é*%ƢG5\6ȍok\n:U\|\\'?ʋNk{\\)_s\g-\\"h*\l߀)[\\0VP\\0wH?e*J\4V\\\\B\GT\K\0PL\0\\0º	lKɄqm\\=O$\zi\qW6w\ǌ\\O\u\k)A\r\\\']^\Ho\\\b\,xU{}C\Q\w\0U^:\׬\\\HoVi#\n\\\\'\\kۅf\0KR9N\\\'ֹ*7:i֦\Ɵ\\\\QѸ\um:\9O\ew\8\"ع\a\_\\,h\FN\sⰵ\H^݌,8/Έ\r,c\rlt3\z]\+\.oVj\"9\0F\\0^Y\>]4g\m_o\\m5\0@	\yƃCsW`\\\\\Z\m/3\wZ\}X\\\nU\nw\\\\K(\̝G\\\/a`w\M(쏎\ \}7ufqIY\'\\r\EzΉ,\S\;Vb(Xt\k\G}F!\0\s\\5ΚbK_Bp#\\Y;ף\(\uϕ5DDO-\t>\"us\gsj\aY\܀~S~p{\\`cv\d\9\\.u㰮\K8AW&`\ݍ\\\#kL\\6\o\0ɷeyĭ+1\MtɹJ\1\R%ފ?:*˱b9*ez\>>T\p+3b\4\rFN1R\'WV#u+\oJzEbt!\«8ֽg\aĳC\\5䠌8w=kk!\_oOpj\\Uc6gajm\\\6G\ʿ/_\\~\\\޺\\\\cSKM6\Y\RG5w5\rx\Hu)d\\Jʿ|\n@\\"G\\_\\_\\p[i\U\)\:cՙ\us	eF6xa\#Xٔ9?\翁~e\\2DI(r\\W\VGg\*\܉I-٣\TX\54\\	*r8\\a=Pù\XWl\0D(H\3\"\.\=\༖i\\\\G%\z\\\e\\e\\)\3\r\i\\\oQ3Cm\p\0\\kbV%\Y\:\5^A:	HrB:w\qz:%\\\\\Ĳ\DxR}+\`\\v\XR\H3\t/\\:\A\Z\Np\kŶ:R\ǢCVVڿ;\\Ҹm\r\\I_g2\僁\5I\M]mu\"Ux\\\\\0^\=\\ך\")yw&.LJK ʌ\\<T^\9yY\:};p:=H\ZKn1iW\0[\kOx\GsR\ mQTC\=#R\\OOׁR[i\\Ib+}\ nli\ni@c\^,G;<һ\yv2Gc\\Uo\S\DJ=]à\a~;KK2`\{uc\\->fIR\2\G\Kp9\\\0\*F.A\\0c[Fs\\\\0,\L.!db/^>[\s\:NoHy	\5H\PX.n/ݕ\Dՠt\w,\\;\\?J\\|K\CɎfj	j0\i<{3X=bUX7?q\\en#<1|Vֱkyq\'\g\`\±@l@3q(\~u\g{+jo|?\\B\\Y1f\"	=[딽It˛yr\=^\ǥ\Q[\I?Z\>![\\r\3F.v\RG#\`^\5\\<8|D\0cp\y9\\"\\C\\9\N?Z\H\U.\\?\jH&l܃\@F>\\Lh\[1;\\\[WzfO<=VHU網,Bq\=\iGz<\\7C\\$A0\\5\\\)u}!HF\ο|\\\קh^*]V\EQF>x%#C\滢\\΋\MZ\&(C0\U\OȎR@	\\<\\=ladY\\\'\\"\\+nm\\'\\\6\"*h\\\|2ٜοf\*\\$\Cʹ=\]=	P\ҬHB08zM%\c\\'tX;h0\0\:U[wĲ9䚆W-\\V֔[\C\;\Y\a\ٴ\={\U\uI\e*7)!ͣ#:;\+\\0A^erQoG7>UqI\n\S;\$br9`\Qģ\8\\05\ԫ2z\\\|?\\m~\w!c?W]\\0I\Ѱ\WCRT\nx\bZ&ܸ#*z\DHrc\;\jjtS<O֚[x\Zg\t%W&O\\rAR\\\5A;s\{}\r}\\5.8jQ\\E\ZӖE,2x确/\ڧ0V$\{WYroU<\Zz\\]\H\\\\ϕY\Z|\\\F\=\@f^Úkڴ[n\xVA\A\k\75\\"f\1\K\\s\\\wpt\\0_EJVhJ\\r\C@ȱ\'\\R\\E\@*\0J\UH\0{WJVGww2/\nv=+\2sZ\#3\Fj\'{\nv\L?wo\Mr>+\N@\\\0\0`7.su\v\0E9\k\P\\rH\ua\Vw>]\-\'_(\g!c\ןS2\M\ɤ)a4\)`Gֽ\Xe\w\Dsʍ\\߄-\\u䷘o7\V!\L\9\\<\k\ˎ\\1\'B1ZD\\}O\0}\\\t\Q7op1\'wvBr3(dYsB\n\\T\\'z4_\\C-\\GS>;[\\*u\r?\k\Qfɷ\Sw{GեU]х-\\"\\R+HNWuz,pJeW\=Z\4\$@8\\0I.\1]jZ:2:l\Cn{c\p\\MSk\r\\(\j\\ZyU{8\H[ny{d>IR y\\.d\ʭ\\\\y?SJq$l\ȃ\O=iS%*AUGيU.淏\\|\p-Wf.R\v\f\\0TAdb\qe\}\y\i\Z\|\F\X\\ mc\1@\>GZ~ e+\'8\nb-ϴmOL\5\ΪrI\\䮴#spA\cɅ#qPA\0k\\3\d\$(\\Oh\\rI\bW]e\0\T<9\\\xÕr\=Hp\\Rvf*\o\\\re=\\\\ZNk\\\\F\9S\\\0h\)\\\k\\ڼY8׋<\\BN0\SS\q\\0Ę\A# .0Nc,\Բa\޾ϕFסPoPWѶ\nE_+bO.T?|bۜ	bV\\[\\w]Qާa5eA\.|\ے\*{;L\\#!\\\r\ҩ]D\\%U\'XN~\r퐒?\\\^\'<c\%d2\\\>r\]\BA9\rGfp3*\0(*Kwq\\\\=\Vڱ\ǩ\\[B3\\O\\\d\\+p\ZܰJ\#7\a\溔{b)SFMq\5\[\*є\Z\\txr\\8Ĳ楤\|\L;;3ǩ\v^\q##jŜ\\Dɻp)J\\rh{2\0((.0++Iq\\\S\ \'<u-?Xm\\!\|\~x\\\T\\\\\/\!ayY\\PbEPtjј\0\;ao\#h\'Ϋ}jV\p\JL\\2\\ueskgo\YwV\\\i%բn\u#\5q\O\[\&9?q\\׹>\t<[(\\m¼V=KHpږ%ßZ0B\\`U\^[	tm7ȡx\"h\{m{|}\?/\\"܉e*rGA\]gl\ͅic	\ӟV\E\r\\a5z\Mڋ=JD[D\:\Z\WS\0aOj\0	\_\<P\E&\\\?U\!\\^Y\UlaA\\^G&Ե\t\,#O~\ry.\\y-bg \0\\s_EH^J\:@7S\\\U{C~02{oSYpf9\9\JFepCq\)md/p8\\\jh`,\$|۵Q\\Y8\\\\f6I뎔+y\\=W#xR\H\'һ{1#\'oJ\$Jù;犉Mji\n\y]\\[G9+\侊\\3B6_9\k\o\u`\A\3\\\>\8\\kxk\O\;F+qp\AO^ÂN}i<<\&\ƈ7;@\G\\\	\_rk͵\2C$p\\0P)St\\	\t\rRvs\\נeB\\' }=k\ܘ)\vu[k}+\4יQp(\?Վ\Z\\\-f$\{~qm\'0\\'T9rwy\\0sO\,و\Ьr(\/\nrҫjs\Q\c<\n\)_\'\g4FirR??J.4\=M\\Ԝi,2c\r~w;t\o65?uUO\?dj7\ȑg6\\\\=uX~f\G+\"\\\\\\imB}xU,Y\\vI!\c\0u!P\jv\(5p\2$FGl\nk\\o-$au<xw\\Fq\\\\׽Y[\fe<W\Ip1VG\>\X\q\ƒ\"=>@I\0M.J`CO\\ۭyy\v\Uy%FW;+W}\+\<=p\YH#\\n\n\+\\\\\\:I*\'\\_7\\\cn\L\w\w+\4\YTiy\b\Jh7\\"R?ϩE\\]60ti[\\k\X\xouj#\nZo\"4X4M\U\aY	YPݲ=}k];HP\q\> _{K5|S)s\\\\&AQ+\\"Nz\GFC]I$Q\_|U9E`\>#j馹u\p`Nt u\\O}SߖrA\A؊t#\Q\֭H\\\\\\̷Z\xU$נxínEޮ\\06[\\z+N\\\NB1\Y[\iKqiXm@\f=\0\_=_0\ys*̿kKr\PHV5\Fn\0dzR\ygW\r\$\9xkT\9!Wmŧ;C\u~\\Z\v:I\\\'+\\l$>e\\\\\rN2)J\u\r$`\u\tO2\r\<\e?W:I\	\\\/g᫋}0+^\@\p6o\K\n%\\r\\4\0\*I\-\{#b!l c\0\n+\?\RY!v̏6#)yb\ӋyaX`\0֯\;JHSv\Z\\ n\\;.}sAm&\}֟)G<W}ep\S\dW]\\w\yv:Ԅ0>\n%\	\\\vձmJ^\\.Q6\\\\CxRD\-n\0n\Q1&\:\\P\0-\ZR\QE<\4اoYk1它\rSt\\j^C\xJXmdӁ\\\0\%ݳi^L\0\U\[C*\@%4TN\R\\8\\Fv\\Y\\_:K^\\|0>ȮIᾳ9Ylp\"o\\<W\弄.\\#\k	]M3\r84w>sݕI \n/x]Z\C1o%I\nש\\\Z\'\*n_\RI\2q\|\yH\\|ǌ\\an#;I]\:\\\~b\R{Vz)\~疚\!LW<\\=qZM\~G(A#ƴM1\\o$f;\\.95\\GX\C\\xy\Ȣ`pk\\r\\\^xKh&\\9#\ӁYyccxTe?>mrЮ\;{ǚ\\Ԯ\\Cnd\\O4[b\3e1ʮ8:p!8\y55\.A\W5[M\!\\\oC\V\)\߸RG+&ܪwwnwv\	\^r1Uzs?R\Β6:8쮆R8]F\\\\\~Ҽ_\\"cP9//\\OJ\ \^)<	FP\\\y\}A5\[\X7G\\\̎\5K=Ooµ\r	y8#\{ZIn\%\=׈\\1\̹e+\\\\P\pcah	Ϧs\\4}\4v\JQ;`\\0\ٗf:!\0\\\H\2\0Ue!(v\\\\rKeQ#$n{a#]ɞsD$\nٷhH\EXQ\n\r.\(Dݴ\0Z-\0\\\M\\Ժ!\1UܷNUG>\T./lU.aPtH\`	\nZWOo\\\Vth.\VIyGpV\xu\zȊY%b?<Ĥb*k\kSˉ\%8I_qA\?2c}N{Z\\r\\tAc\\Z\\ĎV)I/s\\!i.\\%pw˼\֧û<J\"\\2s\\\~Ǐ\Ziv3\\\\[SԮ\\s\6\V\3S\\0\n]\<\ܓ+(<f[\\\\>h\Ol\E,p¢\\U$\exWO*..F?\N\~u\N\P[\Zt\Vj=\7[\֮a$6X\0\T67W\vjҾ>]W\}>\\ZǙ#_)\\\ע\v\U\\n\ܳR{جl0T\_\\\\U4E{\K\R3힦.\[B\'vsUP1\\&wwj3H&ڹ\Pt\xQ<mG*O\cȩVu\y;\r\U\AN\Q[@\\\ٺx|?spc\"G\\\0_\\\\;\ab[1۩r\ŷ\'\\T\0\&l\b@\r\\\R\]\F1 ~I\vv)e\\+Ztp\H++ߺ.\Aw\Rn]x\0S\\\\\&~G\?Ƶ-<1\\dV\0T\'j\\u\l~ A;uj\ķ+\7\(K\Yw6=\5N\\֖\\v/c,->橄i#Q<L6\ǟ OL\\:\\\9_JR\-\\\\)#sz\;e8\0}\\0Goh\n`>BS=\\\H\t\0V\}Χ,\Eh\\ǩ59Zڙ]Tm\'-mݛ=	&1\r\\V\ߵ\.BhJW!6geڭ\\\\\VFI?բE$$z{,U\t\o\\0I\_ސn\p#O\?\UacRx\U\'d\E˟ \do\ZԵX3MKO\Vg3Ƕ+eb2pe:j[Ө\WP|4\Z2ddpI\\k\=n\{\rB\\\m(G\\Q\@\c\<\׵x\/<\W\-n~ҫտ\\\\\t\7nM-\=h\J\\S\ڬio^Cok\\'=\\0hh6jWj)\o|;m³&P>W\y\Ëhtm=\C\O3IK6g+\\0\ƹ\o\\?*2@i[\00\֮Ed\\	w\9m\\U\\\卑\z**\z1Xrw#\0\\ʹG8\6\r82ݒ<\U\"t`r?CQE{m*e\n\f\ic7.\Tt\0\\e\ rDS\\bpU\8湍^\^\'_:Tpq\\e?@G\\\Z]jE[\@r\nh?kO<\R\H+0)j]f9nݢsk$RpH/\\\0\n\<:m.,!8\0Mo\\?Z眬u҂C\5xW\\\f{eto\\\\]cM\C\*nR梼ÖOZPI#\ֺkc\\Nr>`F=\:`.\T|\5$vB.q:掯oe&\Br˂5G\r$\ى`}\Z\YͶt7DS#s\\|gؚԣ:/\;|ތ};U[\\\dqFR`5\꺄0X\\[~\c$\\\|YqD<r^E7#*O\r\`\MF{\rNSsg\o\":#\\\uJK{2\\\m\F(!\\_N\}-\\r\<0#ߟa6\e\\q\3\AsmXH\rŴ0Z23\ޮ;P{\\\nZ8\&~\nm(\5+\S\FS\'\\#=\\#iڝ\N\b8S\wf\)+\JdQ]\o\kiH\I``\H+{\Zŉ\JǶsY>i1\qԃ\f_+H\ZWc\r\\5pMNT\fxӡ&ډ\\\\co%\\\H?{\\E\\Mx\{\\O{(KW\&Ygl\"p#t\n\|sC,I\zt\T)ӥ\ \\yV\(\04\0*\0TajJ8a\\\nٰÒ\/\Z\\*q\R8߼ʭiS\'\WM][ʆ)E?t!/ݽ\jZV,\gQGL\L=eb\,Vm`\r޺pGVmJ	~-[K6yH\sėdV[\a\'9\\&vFPGNJ\\Tai/,E(4\\\hz\	\'Il\0\V\\'\\:-͐q\\0?Z\1<n\̧[\\eZ\eurZE(7\Nt!3\\]\˾\X\\"+sJLa\\{t\xܿ+<\b;8\5\\\\;	s\Z\\\3+\0}\%ċr&\\0\?S\&\\\8p`~\}WlL\'H8\\oo\Cu\":68K\I麣1TJ:qV\n\\`0\<V@\\u\+n\2RY~\\WڻFILd\\"Ď\۝r\\:?3L3\\B>Sy\w\\\\\z??\\0ASA\(y\8\zD\\/\'\V\\!o)K\{jVOU\m\\Ƒ\s\0vkv\O\F2O=\IiQKnp\O^c\'ϐi\"X\g+Hٜ4M2\̒8 s,co&#\r\`\\^X\נ>[\L\"ɅU\9\xk[\\֡+0\ڲ\-m/\'\n\\e\03ԃYid<S\N=\ryϊll\E<\B\Ќ\v\}όv\0*\\RNǰC\XZEId܇0@a\_OzY\<u8,;\t+ʵym\a\NdG\j\6\`y\\x%\'a8\1\w,KBv^B\nثg\+$dW\\^}\\MؐB7@8\~isl\Z\\6t1\0~f\Ene)FJ\\k~P\Z785?$1EՃGs	?0\)Z\­n6M|\o/\~\\97\2\RMeiC	\9\"URWE+\o\\\\\\Mď\c##ީ\hk#_x`\0\\PA|w2>,qWT\0-v\GzN)\t)IhwZQ\S\0\h\\E[ܑ\A}Ƽw\\m۹ʐ9T8W\9B}\H\ru2u1M\\\Ym\\D\~CW\\&\A\95RXFȌ|:+?\\JQJK\_f-iqi\"H<?J\\;5;g#$!\dB\\\\\c¨$\]\rʪ\\ϏFn\۟i\W1e\[\\lq4\0DI]>\\A&2\(\\Z|\+\\0\C[\'\zVc<\"g9\I[ϩ\<T2\\m<+9\buUi\\3z}yڄ\wr\\\J^y	,\\V#\\"\F<\n3ձzRZxWT\\ҝ\^1z\\{\\o\'+\P:RPN[\\\n\E?v\\º\r\V\ќ9³Pép\\Z+\^)Z&0\\\9?SW\0]\3ͪ\*$3ڮ\=W:Ҥ bzG)J\Y\\߻xgJKTf\/\ZێEvDcF\\\U\Ks$p:\=kΜ\W~rg3\҆F#.qX\)Ů٭\Ktz5\x\q\bHF\\~p\>\븞k\d\o;(\\\Gv|k7-\OS;k\\g1\`Wq)\Cڔl#s\?0\0\}^@\0\3\\bct1\	\0J\U \)\7I\}:?\\>Ǥ\\=-0^\\\|U%\gП\kʢaK\YКeg\\Z\v\!Ѥ8Kn?i\\\\\\[9=?x\\#Ilg !p\\0+	dTeɠX8>2\䯪a\>OIkw\9`\=L\e\\\\^e|T\\\Y,	\\\0<q\\EqF&#\\\R95b\ZDd=\*[W(݊ ȥN@4M2SֶTVO\\rn\8*h׍iEY\ZtmSYcdqa*#q\"+*FAI\"$Oi.\0_gڤ6\5TT{mbGnߊpb:R\i\\G	3L:\"j\ٮ缚\\5S\\"R\b\O\W]x\fv/\W\kch,\G\_s\~yƙ\- vIb3+2\Tu&¶6I\\yp>dc>\\\"<wy}r\Gʄ.Ԍ\$\]޽#\\\'\̺\r*#\Z3HNP|\\\zݯ\yU]?Hi# Oҽ\\z<7k4\]qcW!ihP|\=.R\l\\Wuy`\"0I\\G\0Z[[\l\b\@\0<WB	*c9\:W+!\\'\Ek\D]Uφ\\q\\\\V \FN8\+P\L	\Z\[+\fkÛX\eV:\s*-0[ߡ}\I\Ny\M\F잹\\_\?}g#2\;Z\kH\5}\y J\j\\r+&qg\[þt\\0/B\VS\0ei%w\*\с܎?>Տ3A\B˃Wlv;VI2\"_95[x\\">f\à\G\Zv8\n:[$v\1\\[Z7n/ʼn\'\?mh,Y.:U?\\\W\'\OsuD~am\\0\\\5yz\V-ޯ$\\8 3\k&}B[\e^y¥W\3ŷvuS\\tWU[\&3\7\\8;H\]=*\'Q\=Iq\ԟO+dq\1\n\\Y>o4\n\"r@\-w\m&\nV\\e\~\m)edv\oZS\'j\<zp\\\F\0\Z\]wX\o\"S\\j\UZZ\\F\M\z*Z\\(\p*^)w͌\Z\4_RƼ\\ѵ]Gn\m\sj1{\ޠ\uhM;L\\\9\\\\\sj觔SvM\0o,W\\o\WR\銱\\H\,\\Ҹ\ۋR\3\UA=:haiPVFcM\7\\T$zR\[93۵H\\ \h:\­$n\T:6ޔ]1*zy\0P\ed\BE#s7ǽ0-G]\u\C^aUh$e\AU\.8-\/˹G \ͳȲ1Q0hq$J\ӛtcn\pw8\",h\F@\qڶ\\\\J\,\o>nsbm$7HQ\\X\prv\\-\¤:QXixEy܇O\\@MY|Q3\\V\D\\\\n\ne/\DZֱr1WRgQo \ɫՋm)\hE)\Yh8f]\8\R\w;dsQ&jX\6\Tg>jn\bw7d\{Thֱ|?IqkXZ\</[*ON\tk*eq.Apxޝ:Ǽ\)`Yp9\r\zy\e+\"\ҲnNV<\s\hU\=\#Ƌ\e8=99\\a\{V~\h\\;\avQ\\Ӟ\\E\EkKvwi\p\\}qɮH\:\\"7f\;\0Y\B\ڝ[=X\\^-\0U\\Ԛַ`/dc\06x\5\\^\\$&V&Y$#\r:e\8$\\b\\\\\`	?@0\0^+G\\\\8 BW\kF\[\\\J\\ Wh9\\\\\6*\:I\4hc\<q\NWL\'ׄ{Չ\dn\d\Zý\c\H\1n#ЏC\\n\=~k\\\'9\\=*}s#\\'\oBE;l\ ҵiEC\	\=@޹hn&\,22\\0l\8?+c[\\\m-\M֟r4Z+)\{Y)\\才>?cI	4l7/3Y~y\0\U\q޺TRط&\\'\Wa\X>\8\\G\\\vʄ\\J\<YVJ\­ڲ/]ޒ\l!zb\ȑ\GaU\`M\eH7u\	\\jзU7X\~\I͂ Uz5Bi坳,\\\Ӟ\ŪM\v\\}\"6k8A\\jU\?N\7\.\z\\\\\%;G\OU=\\ʑ\*5\){_\\\iE\Zڶjq}Np\\yF\\AY\nS~w\_\0#5ɦ\s\kۀy\\\\b\7|_*\.\l?^%j;y\0W6ӱxJkBVg\|\p\0tU\Ef\%s*Y\\<\0	\֋oM\Z7?4\\\r\6e@_l\F\v<?Z\TM[ˡ!u\3Zm+Y\mYg\GWд\oC.\a\m\6K.#;%\\,\I\+\֦[8}Jn\\n\w/\\y$G\\dúBx<\qedeجYگb\\{s\d\\\B|M~,ꥌѣ_\ZHZ>\8x\R0\iOm\Ξ\\qLB{va\\\u\}c;\[HI\\[&I\S<D/b\0q\\\NX\\˷8<)\Zʃ\Ϲx_d}V_9Ӏ@6\d\\m\4|֑IhmY*)9aӽ>\0m\0S;O^Ʀ@a\Ҙр\\\6\-\xh*S&Y=ք. 2\\=\rT@ٵ\0HH\\\y#y{]y\\9\n\If^Ҡͺ0\{k\r-\\2yy\>~W!\s\','\"Simplest-Responsive-jQuery-Image-Lightb',4,''),(4,'\\\0JFIF\0\0\0\0\0\0\\0\0	\Z\Z\Z\Z( %!1!%)+...383-7(-.+\n\n\n\r-%%----------------------------+-------------+-------\0\0\"\0\\0\0\0\0\0\0\0\0\0\0\0\0\0\0\\0A\0\0\0\0!1AQ\"aq2#BRb\3r\\CSc\\\0\0\0\0\0\0\0\0\0\0\0\0\0\0\\0*\0\0\0\0\0\0\0\0!1A\"Qa#2q\\\0\0\0?\0`ghʽ)\Z\r\ p&ݲӬK2J\0IRu\"(\M\U<sP3eB\@\B\T) ;U:mbR\0N\\i!JI,\\^&pj\r*	\\8ewTr[\@o1@UqEjЈaBҗtꞕmG)ĺV5\(P\f#F\"\4/\Z\8T\BT\	a\9u\rby(*4\K,\E</+\)XO*BG\w\N!IRR]A$gVVb+zi\\M\'\\y.@c\\nZa%2$b: w	\0Ӳ/))Zf$:]\HgK}ܮ\wOb\I\n!¥\(Wj$v%\nI+\!dډTG_~*ѤI\\<X!J9I\?;yD8\	}]V\Pz~\&-$8Lď\'oF0ٴ%@PO]i\Mj5\p	?[\/\"(ES31\ce`*V_3\r\\`\D?ʒG\\)ޢPS\0R F&R(+ud	I\'q֑%0LHP%\<\$ĝT\;K>\b)(Ni\0S\,\+%:)OR $\Z}Ao!H$(X?\.3ydRH\\`\ԆfKm\&vP\Zކ\d\Lt\\\n2d\\J{9Ҳ\r\	FNC\\\cP)%\آ&&qLxy\nV7/	qx\.\\'\i\0QԆF@\0^셖%$\\v6P\ZI9\e)رԠG2s\\̞;Wkp\'Q*\&e$*\JUT*\\Tn@\W\I\=gԔz\r\Z9\H3\ҽ70-	̡\J4Q{u\\\AIij4KylI.\\"\OՑ{0\"f(fKɻ8A\f{i\R\0{\\\P!N,t#j|\	2\bSRs\g}\W&\\gK斲v\Tnԁ\JA d!$y\4\G\_\\049\\*\ \Z\\z/`Bn\p`rNUzG)gL\Ƅ=K\"T9\RlA\	qT\\V\`\s ZT\e\ Ru`\,\	bfF\M\Z\\bJ򨊔*}\\0V\Z\:aq)Kt<n`K/P\JNT\ZB褏RvW \R[\n~W\\q2h%`I\%3h\#\r\Zi\\r1jܵ{\`O-2:*\WyjyO|\?b֙A֛\\7\ZV\\; F,=,$Y\R=Yg\2\ZIZ\n\\M$>;\x5̨\r>pF.c&Xw\nX\\@LdJ\=\0))b\0\'?wU%K=X[G0G\Z[TQe\n덥\h3\:h\BVe!+QcYE y%\'V\\\ -rHq3sjV\^\\R\\ ңr̥!*\FH\ܾ\Z\0!J\bG\\0,\"\@~\>G+梁4gS\%H]Ôv\lE;\\j\2%\ jЏJYX>e\YDXK-)$f!\\bj49@%\&\ů-O)!%\0\k\\)YU0\E\(\H\ZfA\:ghS`gcY\fs\0^jQ\G\\\\0F`w|\]%\1ZQh)\+RAm\diQ\@>E@s3m,\0\r\h)e=۱T/\\\A|\"J5\Kup\0e\'b\!i@\N=\"\t2W)#\FҔRФъB[\\b_\0Vd\+\0ޱL7 7WIB\n2	|JP\\\\x\\$jT_\\j\ZDx5 3\\k;\s8\2j+bMS1YU\@SQb\\\Òy2fJ, c\f0*z\\0ǨOèAE2r\'BUnDNC;\n\!H)RT\XvuaP|\0^	*H\>QfK\Z]\\\\b\\IRҦl#3P*\\Ac\\\!FA&\ \0Ձa\(\D\\rj\Z\Z\II\\b\,KX$*Y\\ϛ\.+Sr\B\Rn\r\\\\}\\_\3Dɼ\)\]I7J@P\Zc9$%	#\0b\?ThA`vW>]\2AQpZ`2\D\U\\$\S9;,\0+vk\\r\\4\Vr)@Ճm\?c\n\\0(HgKR`\\@@rBju\K)\Zd\\BWV`H\\yҩKTVb+\+h\\\OK+\˔zԶ\b\.b\\%I*3M|4~	\'-L\X,YETK%W\'^JIJX@X\'*	\$y\)9ך\\#ĘM\\Z4DŁ\\\΄\\I&\a#rr\\\\0`Vq	̅&Vk\n\0\e0ቔ\0*RRb:2uލ\\%J	\S,\3LQ>S=\"wēYR(\`|\S}\iA\\\\\Lgd\rl2\\\r9e\#%ھq\d\0\8e\5#k\B,F\'*\x\N\"\\0IVvf0\Kxx\P29ztknJ-U\\;G^7hx\\\\### NR	\R4DhZ\! t(\0#)/\\f\Cl\݂#j`)#\dy\n\Zd˖I\"Q\0\\\0\+\K	)C\OH$(UKX\0_ѩ\?S-HKl\ZHg6\\09H/\\^ר\(	uJ\*GE\ad\\Sgb4?1\'<Θ̲R.Hg\rܴ\\\0\_?P>c\\k<c\\nfMr[95pI_Dϙ\<I\\\kv!\\zU(#R\\0J#9k8\0\\SJV\;!3]9\\4\R](ԋǟH\\0\b\(`H\\!}\iMn\)I!\6/\\8\0CyIUf/?1&}IÑ`\0\0\0\v7A;Z\,RHʳQ~Sve\'x\\e8^W(r\L2\\-+A%#\CO\$5rnA{[0\\<\Pg3EA/\J7\%\ZJ\ϣ fmvNl\\V̪\Z$&v=&N\fr(TM]\Z}\u\Z_2\\aA6\?^d\-5C94 WRzp\U*K\@\0Ϻy-\q\SA\%H!w41_\N\5j Vԣ$Ϥ5Z	QR\4ϢRGRM\Z&X<)RB\fJjbJ{;(Ax\\'Y/R$W3]$y\"R\IJQ>޵>Nzf\\nhgZ\\\V\Ox1*\hs뚬mB\tn\0\r72\씒\0̯X\I+J%,REBh\rl\p>\H\KQ\0P?$\\\\\0H@wR*-dT<k\ ~\,Bu\0ڹ\N[$\\\dT\\T\\.k5M\MصӰ7<@vD\$\\8^Aǐ\\r\0y\Jc^\\o\"h\9\~\xd\ǔ֊\f7x\lFѲX\51 ffq\n>`W\?=\KBzZTTZ\]ư)b2>Jj\Z[8f)\ΐ	K\C|\p2X2v*[ \W06++&Iy\\ޖo!\0	~rj\x\hZRY>97p\\P\G>q%wĐJd/J	r\0bK,T\sqV\"BrB\Zi\\\n\M#̘TPTI  RQD<vz\pO\\\r\鸍pO/|.W\n\_<u\p\1qQ\\uZg\4`4\&@\_\ǣyc\\\LD\0=^\B\\\\W\?\0\n_1)\r\_\!S\g\X>\'X\x\鷯2m?\VB;Q\W2\r	\>\f~ҕ6b+Zňp3556\08,2\\\0K.P+J\X\'5ޑ[M̔4\K\I)X\,|(%,\?\\:t&*3(by3M\f\2χc$бNt2BYor+\\\M\t\0p{TX+J?Hd\ª:bgFČ\TO\9\\\n̕\ T\"Z\ZVՒ\\`L@NpL$\0/\rJ_\ˈJUL/>\r\r4F\G:qՍh:w\ZzEc*d-WT\P/Q$v\\*\\\`\D\M(\%\,>\g0N\j\\%JB\\\B\!g\d,&\ \n2\\L\l\\\M\\\0\Zh|\	\REႛ\0QbR3(Kc\k\\LM&c\f)܊*:$UV̐MÄ\n72TXR\nHap\Zz&8(\\)YH\\\Pb|B\\$\#B\n\rN\| \Xp$wyK{$ݡ\l\ʗM\&\\\*s\z^XZĒ\\(\ \4\1tXx!@)|K\\IM>\T5\h @1#ɱFb\*\:zjH\/\Q/HUÁ\#\|^asELK,7Dφq>U\Z\0cҽa\nu%b(\\:\iғ\Zh_%\\'))\\YI?\d͙%\R+jgS\ )\\J\;l@\P\a\ʘ~+Ueͣ,(x\X\)7HU\P\nWu\"y%$\aIp9NS(\$ZI3%\JH(RRu\\1\BүF`\~>QpT\zR@z	z_\:\\\Ɨ{\t\SAдL@ 	)]\\\J(!TT\#Թ9gh%\pl\R\\03$\f) ǷXPL×1z\\'\E,&)\&(%`Тh!]u0V;H\0A\W\m]SO\gw;U+\YIV\-i!A>d~O\dU\z~G$)\nR%fg}wO\Xo2X\\\$:\\rFЋeXm\IH\\ќ\0\\\*\\\\0@9N\\{\;q9z\),&b-J6/jP.\j,\\⒙\J꒰C\.\So\=VT~f\.mܵZ<_\ȴ-*ҮK\=;\NB\,u宥lC\\d8Rt\n{\R2	4\Nsf\oɜkHN̚rJs)JG\\0I5`\9D\0\Af<:\C\&R	\"i9!e 0\Gyϓ\!\֦jTxf*u\%D|H2T!ӟﭨ\Cm ;\\K9^l]D3=R\0\\\0MJ\f\"*eIQ/FB^6	)*\AԚJA\\.mo|,t\9\AH)*g<\\\F(R\SZ\JTH?\M\'\"s#1 Y\n\&qR]\\)@\\-\%o Ty>d\*Sk¹u\>o#oFX#-\\Z3\9e\-Q}ĩo2g,479\0h׵\,_\0a\MI	I\#\\x\>w\\\7_2`I\ZMD_\_J\$0\\Չ/>s>>\h\4=\'(q\n)&<\{7^\'1* ,\x\1jU\=\rfZP\|&Ls#\O\,4\pT\nݡ<eSt9\	b?f=\RÅ\(P.\\a6⎝R&\"\0]\t\\$\H!\ZeX-)X^p\N]1dkTA#\\pS\\J̑EuRlvq\7,:BVe\cGbH(Z\rbzT\\DgHF븈\s\lS\0ԇd\'38f%:gΒ\Zl\nVX)۳Ƅ\\HR҉\YYMn\C\l5\\j\E\0eXI.v.#LsN|xMd}\'\nT\]\'0 ܿw\QVB\|CyG)4K\j=a71)RR\'\\\hIE\n\\+/L\^\\C/TLǠ\0\݈\*T\b)xrR*\n47Qo˳9)M\0RSr\0F[\\\'@@\2\+.Mi\\ӏ9J\\\D܁\W&\\\f)\;&3PS)61\:O\\qm\\ʔX\z6\\\dU4\?\\K\\\\4#%8,qZQ-eSZJ6-j\\I\\\A\{\7\âY,P@|\-mo\Z\\.j\?j\\׹fd\v$5s1\ZUl\50T\\\7`َ4ᐊ`l\~=\\ \Fm.iNT\Z\	?\A\nâIU\\0u\Xܵ3 qFk%\z\\іH+4rjt\G;ft֮\\07]\'P\)d\A\r\RTh\H%\\r[泚=\Wɦ\z86w8ĲT\,	ѶW\űBF\4<i$\"bz<\0q)\n\(ub]^qІ>\\'6\\l>\,\\6RT\\I\\D<Vx@sxI\c7ya,	K3r~d\Å^<\\\<gڼ+\^)e{\\$e$x\K,\\\pQF\Ztj\0u0\izuoh\I5@\Q,b%I!\0/\5\nt^VvK҆ś;\t)I~d\\Zae)\\nse=\ܧ0ؕ$)Ab\\n2T\V`3$?1[c֒阶MYw̎IB\.5JNc<)d4J?\^%)j]#5\nuNKG*$/%epʗ>\BGr2آR\Eh\\-*XJC{ulϚZV\B2(}Ŗ(\O(&$\"嚹ZZԤ \\\B\J29\RB\=\R\0h7a{,֥f9\1\z}Xg\eh !+]H5SƔ\"\+!D2Ajdd=\N[jF7%֩%IH\n\(kEriE*pM?(q\Tb,\\\ \b\5V_h\\RR߮ׄ\\ z\:\\H\;I)\(-S(b_\)$\^e_;z7sT ܶ~Q.^5\Zatۇ\93\ra\\ZZ\n75E3]\?=Bth\\Kwk\r}o%%Q܏ :{^J\# [`\̗\\~9s.\\\J	Z3fw\(G\ܵMK\jT\RI!\c{^V\\-\JjP;$Tx\*Pvp\S\Z\\\Z\1:\r%\u&^%7\C\T8\\<\\\+t@\ZoFb\N\ƧTP\=Nl\,\%2n\'\La\K\\{œF	SG(\0\\ӷٽe\|^SK\\\!\BG\\p\Xh\\=\G\/i1\'\-)\J\\\"*9\F\Y|1B\jM=#-@Q\'KPP*Mm\T?B{\\9N͈\B=B^\rFP\=H\\\bP,գrOp|DJi\~-\nO\r5N,No\!E것 u\\\BO\$\K\rؿ@\EhXp@ľ\K\?\\Ŧ,.\\JCXeK\椴\Q}Ji&D\a ]Zv\\$\00PJ\#Q\~iAFbF`\VH\0?R\\B)ZT4<\	\\X\IU(Fа\cF.ha\\\Z\w9RH*\˶\RՔ`\\"\XP\lrf֧,r\zeي\\\0L\0ȒR\\\%>`s~\E\0urr_ruIwXj̠^J;S\üQUNF\}N\N\\D%2\!)I%\m+3p\t\\qAk \Xr*\\G\r(P\Z0\\7OΑ`ZAR%@Q\n/^\\#<9V\0@\XCj_=\sӥ#M܁h/\rf`}\gB\.g\0׮\h\|jRIA\k(XRֺ\\l\\ $?\]I3W	&\%\\pD@\rhXd\	m\Pz\:\M*\\rB\\SxW5~\	eE,tTF[	\'D&w)b\êt\H%^\#4/\\DU\\\"\;(`\*E+ٹI\ᄌ2`\\Yqe]#yDB\D\\Gxl(5x!C(j״\ZYrԏ#\s]G_=\<\iuqMB\aF\?^}9O\\)as>c}@:[hԬZA\?\\L\-\W\dC\\(0\\0HuYT	o_`J*-\} ف\c\J>Dw!2\'1%oP]a=ڞIE>F&6QO\\\zt`H@\Y\rB~a\\X\A)py	})\\\n\\\uʚ{81]6\u:%+/2rR$)\\\r\)dB@%A\aȦ]\^¬(I&ǚ\[3!\eYR@v:޽m`\-j\0ga,,:4M\n\\	aD\0H}ʕu68\0\\/D\\*\(\H}Q\\bM\&\		b\nk￠:gJ\+ݴv\x@ R-\]4H_h͕%)\0\\źk\q2A\s8^(0\Z\OL%\\Z\äT5~\\\w\\җR\mh\d/J\\\f1\BTr\\f^\rx\\\rF%T`)XC\UaN\axDĹ`)b\r\ZRj\ɿ\!rInAu1UVIm\N`\q!AQp\4%\\\>\O\-*KV	8\\z\\pUr\\)oה/7ÔԚD\JDa99h%\&^+\\I97Cͽ\,\+0׋N\n&\Q.Lj:C!\5O\'h\Q\DŴO\\ZT\\nE\(K\ֽ;tFaQ\Q:W+F	\P?]H5h\n1,h?Fӊo_`Kj)\\'Հ\ȚX\]\2Z`\P|)}\\0<\A.K\\\u\0Y5H][o\̠H\hk\\C,\ok<-\R\n\K^\nr+J\=4LM\72pS\^7I+rTۏZ|h\Xj(s79\\ \@+\\Qq9JcC\03rO\f*d^\S fK)KJS^\rE\I\0\t\n\rl;\Lēs71,\Wˡ`<P%B\?x\leAV\\aRv,\"T\\\PAHcTbg\b\Z*9PHS^J\08LMTY`փg\0aLQŻ\ʓ@\/Xz/CR\(\\10G)\@\Z>+\!< m`\\\'*\qC\~>pb\n\\)NR,(\\\\\n\\$,T\\FԖG\\ѓ\A$^#ù\'\\\X,D.\nX׊w\n\\\Tw0:\i\ OH\Z\H\dADh\H\\f\ \A2eP\\Nw\\22&\n,9\J_vm\#\"}ATݨ\\rlKY$IV221\i\r8@a	燚$43dd(b$(\q	add8e+@{H\ R\22,$Dp\\\22&\nĤe\.\r(\Ȝ5\b:9S|Q!5H@JPW15>_&\#2i.\22%\Qa\xRGq\\'\AMxI#\F\## \','\"download.jpg\"',4,''),(5,'\\\0JFIF\0\0\0\0\0\\0C\0		\r\r\r\r\Z\\0C\n\n\0\"\0\\0\0\0\0\0\0\0\0\0\0\0\0\0\0\0	\\0N\0\0!1\"AQa2q#BR3bC	$4Sr\%c\Ds5T\\d\\0\0\0\0\0\0\0\0\0\0\0\0\\0;\0\0\0\0\0\0!1AQ\"aq2#\B\3R$br\\0\0\0?\0,\ML?\\=>\}\<\>\ZP_R\w\#3$\-2z`O5׊S\(=OsD\s\YREh\\p\r\+\m\^i\^\\o\o%|\"\@\y\֣;6\>*\r$g\0*i8:.]6d\\9\:]X\0!vlcuY\\Z{Am\uSzj\uj\\/yrf-)L{joe|*\&\!Q\q$z,\\#2\[i\\\\O!\\A\L\#Ҟ683T21ԩ5\¿\rE\\whZ|\s\\\Y%\rq\GJXl6\0f]7tM?\ҔaђP}ԇA\\\ԗ}+\\J\rCr9~Դ9\B\\^\l\\Z/WO~\\p8Fr\0\_Jg\\\I+n-\; \b#f\cpO~N@Ճ_\\_\j_\\Vp&\\O\Z¾t\ֆ)ω89\Xțd6]L\Ҍ;D\\n}g\\\\P\4\v\ES/v+[gZCQ\hH(\SQ\:2\d>v\mc\"BouJuT\\yQZ\Fv\\Z\-\n}N\nC\qqR\\\\\9\{v	\rL܋k%$B<\pwq䱸󫦛[/qT\\㺌\X wTCr\"?KM\\%n0\R8PwA>hN$ێ\"\>{XaO\p\uן;U\QZ\mrau\FJ9@\0`Sd^.|2+Z\W\#\.N\lw\-B\ݭ\hM\d9pK/Zyo\\\\]\|Q-;\0D#8@Qd\-;s\\RW\'>6\&wX`I\*cΗz\`Y-ty<<\\G)\m6\.\Y\4\W\\k/NY6ǷZ\{\n%_L\%[\7/n7k\\K#`AgPH\\dxoi-\\!gyrr|\\ӭ61ﾯv$GN\\<\7(emN<v\V\YA\)8#k5\CRkۛ]\+\:k\r\2z\}V\ú\^ڊ\0_\z{u2`d\Z4\|\\\0P\3\\\rH{=\9ұP\3EWdg84R\ku\\#|zN\.\m\\w$o\rVN<X\}с\\0ejW\}\LH{\\0j.\{[e&5\ooHBG>\qi\"mo|,x\ӂ\62Z\RwS\b$ R\㏐1\/7\\\޺[Nޘo컛\\\s\<\==mq\\\W\Z\>(Bd2VF	\\';b\ѥ4g|Ko9%\96\t\y\P\\\\Ò\Da\\~\\˅3Q \\FR\G\\n\o*6W\\\\\{M\\\Z^nK\A	\s|~\n{2T\\\"H\_XE\s`sQ\n\|\"c\[ w횤\(\riך~ڝm)	}\:i4\\06³TE3T\\S,R4N-L!f\5eF}\-\\T!\T\\Z\9z\^Փ\ݥ33\"ݣ\\|KE\\.\\65;q۠G}\\"n~Z\R\\lђ\\\\^̵\'\ctT2\Z\C1aޠ\KM!\'\~\f~\yX\\\Îe\G|s\4\Qj%Z\\\\BK\1	+_\#\\ȴli{M--\XV\\zU\,\-Ku\N\\2\r\\Gp\}0\\-3\@8K5\\g&\\m\N\z,,ӖГfo\@s\GV>\zz7\o\{-\\g9Ka|\kgey\D,\{9U\:^\r\\ݸ*R\ 6w w\٫:xl9\0\5MF\\\rC\UOQa/\\.\$\v	^\?/,٠%\0\V0A\'ϥMF\M\nUOY\\0\hY\\rFYW-)	u\0K\7!a\R\JCR\y\u\\\=\γ]Ha\\\\Fi\q*B\\0QH\r\>&X\1\j\r\U\aӀ*:[ nR\0\#EA\\X\t\3@\IkBQ]m?ܜ\rR\\&8,v\慮\m\;ŏ@\1P:{VwE\ϴW\Zр\|$hp\\qCS\"f\\.7+i\|`1mH<ֹp\VI\~	t\\Z?p\yjj\%]!\Z!\\";YPji\NҸq\'A\g\g\rǾ\c|DYދ nK\P><vL\\e\$7lzz\%w[`_;\\r61:\z\6~\\\/>sڡ,\\\\k}K\n^\!1pN$\Z<;բ\\\P˘#Df\Kj\\2^Y|\\UF3r\>&8_5OmgK\\\'W»:6c9Δؓ::מ{Tt+\\ό\-^Z	|\\\\V>*\+εecv)\v\֔\\\rL\Nv\j\\Z\\\\|K\sc6\N/=\0Y	\z=\\r_rնIr\'[\l\\\ndVu[\#\X\V$ؼ}M\KYb;ME\$-\\\\'O>\\\\_jh\\̴\~\0\+\\|\r<?\0P\CCu\2\LoQ,y\G\ezMJU%j*=EnU:4w\0\'\0R\W\վ-ra\k\\̷4\᎟b\\\SD:r 8UW\K!gS\;R\\e\y\Y\?9\\c\~ulD\ݶ[ u\\=\Z\"\eJγ\\cC,\O<_ /@;jW\&n\'I϶.\&Q\\\\p/\v+͞t\ۚ\8]z\q5}\=\N\t1)\\\\b\\\G.(\=+wi\N\:\\\#	n\Z\\^\\zRf*\n_\"\+V#I\\5ϒ@q4$;1\RlVkmv\wWz\(\\!OTgb1F\=\\ZQ:\N\\"9%I\\\py=k;[\U\,	rcչ-\@Cc\\l9\|\n\Ȇ	\'9c\6ᙅށ\\\pmגU6\l	Rc\}\1t\1N\HͺN!\\a\d\~\\0]<\Z\{\.\\M\Y\`Ao\q\m7\ie\Ʌf05\wA\~{ᔻK\"\s^%v\"\H<[6	\1@\\y H\\\h\Ћ\R&#9FPtjbλ*]\u^җ;v\\fle\ucm;\\>\NjF\\>UǱ۾wPU`\;\<p\\\\\QaC\\pKhqq\w\0\\P\5\t\WM1~iI8\ۃ%\\2]\\v\\\o	\%Ѵehuqs\\\vt$Z\"#\0>\K$W@H6MuZ\k\ZkR|\\ /r-pygҦw\u\8\u0\\[\=7\\u~w\GdEnk^2\rs\SWX\6vj\\<\"DL\\n\ο\\3\oi\?5\\\B\0\Z4Sscp)ÈX\^|U8+]b#(36b\ w\mcp=i-\'5sKM[\e7NS8\?\"\"EXש-Ȫ\\Ilc\\X?4ėjS?e\4=#ϲ^\ECd^\~\3V\tޑy\"æ햮\x\\ŏwMLq\\\wC\'?? \'mW\\Zvʙm\\\dm]!gʔ\bհw(\\\tg\'~\ \\rns\n\\\3\I!s؏*mw\1\yR/.\@?\\I>a\n\-\3n1\r}n,uXJq\ַ嬀8{\\}6料|6	?:ۻ;\hqc\Υ`]-{hr!ahG\"<~\;3ks5qv?\\?ް\B\\fq\Q-\\\n\ZNT\\U\\t8hܴ\|kH\\\쫻X\v\rp\Z\\Y\\Y\\R\5c90u?n\WV[x\0suD~\Z*Lk~\\\1\1R\H\\513\\\֬o\em\eW5ck)\^[X\\+\ǓԃU8/~\\yjO+\B\kUkm_tی:\\K6dxsU+j7,\\Z|Ӎbq%N\'j}˙CH[-(\r]\o\6+J\h/`,T\D>b}lHа\1\28xr<NI9iv\Uvy\\޴,ve?ّ\Ɓ\H\\ZO0m\|XE, vGY\\\\\\?z&\0[oHe\m\ͫ7ۨw\J\G\EV˰HroDHn?(X\\0\:\a̶]ԖF\(\\/lbqL4fι\۟kyñbyЏs\\@;uxr4\\\\LP\\A\L\0*|2T\-O[\[|ۘ \v<o\\\ا\L\\a0\7[im9\\\Jۢ\\+]G\\'4\02\q6JY\b uM,\x\Iɤـ%\\>\\\\47\c\!\*\\\]\';  \l-C\\SͫM\ƒԂ\\F\7\\\ޥm,\b>Tu\\KncRyH-\	&M\P\m]\\Y\H>,\\mGiAGtr|\ˋm\T>p6S\cBۥf7\_%_#\`\\_\.\ҖZ\_\W\n1U	=\8\Z\\1[2Tӳ\\c\\\\rP}\m\R=S-2<#g5.\\\oĽZ\tr6^=9\sIeIpw~՚?O\.]\0䎝j.;\V>D{o{y\\Dgd\'ꃩ4mE[\\\\\\\/oLZ˒$\+}h\g\<},l\f0\\YY\Is\\\vF}\um\{\-\~\Dm;+Mޛq\3\t\o\\\"N\8>[VGa\6\(+qd\YoI\=[\\0݋q[xB\\C~d`\\]4?P#\n\Z:eN6\$d5\\NO9wji\䴴\y\y\\ZP!\\<y\nY(P4+]9!m\\H\i38\%4\\\i\r\(qcJ\\_̺?d\\lӗo+!!\|\Y;\=\r*\:+D^ǟ\n\0c\]\I\\<+Y\\\TYmC5U\3u\1 \\\\c\2àlB\c\JkR5R\EMÅr_?\"[Y\rz/KHeV<ͱ\-\q9Ԁ\dSo5$\\y|k\\lZ\G\V\[D\ŵb;=\;\l?MϹ\L@_s\w\0\[\ތ\)i	`%\0#5\\\ۂ\\\z9qKa|3i=g.s\\M>\	v\!O\iaЦ\\\\\o;zՎ\\l-\\}R\\rCᔋT\8$-\˒l\\qx$\6;7{\\%IYEǀ>rs޳\+8.qԩa\Jن\NfP#?S\\ZM\_O\$i\%\Q\0\\\\)0\v\9X\\"Eۋ)*\1\I\>\xPEUjGCn8[B;\nӚeze6@\QKk\\O\Y\MI<\?1C}\[ccY@\Z\0%HJu\ؕ\\2\\.F\\\0\h\.$r\YW\Z4Vv,m\+$R\\r\\\&:Ǯ{\Zƽo\"\Ѻ{NI\͙]K\\"v\h\??zGP+M4V\Zc\4twͻPM|~29$铃V~\'\\=\ۯJ2-ߘ\mnMU8s5L M\rkC\j\x\yϙ\U\\Z\\5\\\'\\\bK4.(\A\ҀN3 \$\0-\\\r^o:}\\\}\wp\SjP%%Z=J$\\\0\B\\<T\ZCWe\Z\\\'jqGMLf%\Yy\l]\\\MqX֨:;J\|Y\VlYy\-˓\\\\'r\\\\\\j\bML&f\\ؔ\q8\\6\ҋ`s_@\X\$r\n\\0\\\W\r-ex\Ê\m\{63Pa>y\!#%\\\0\uO&n\T\rjn7Tv\\ZܐcKN}7-8j_\$o\.^\"\bl|}ˋ\\$\G\0no\Vk_\ ]U|NwfL\C\	KrJ4\*p8GC\0<\\\0jCY\n\d8\6m]ϝ\x#SGLLC%)\q\|\(\\\Z4H\Lٖ6}{,	\\>G\"F\rX\&ܠyc*/Q\\\W\%j4\\D$\\P\s\9wY,;Kp:Hz-;\\\Gs\4Mݐ%Ir}K-\W\!\iǌ?-\rBb\y۲:h\>Y9r1.\\=|>·͕$\TW+Z\#\Rq4K\r\\ɼ\&ƕz\0mG\@;>flhmK>\n\2̘\9\\y\\`nI\\]:Te;ӷƤ\9\Ag5KK\S>pi40\k3pG44\9`UG\\\&\:\u\\c>\\Ԗ;7B\Փ\\\\\,2\6\&ˈl\>C5\\9}fp	VE\-hBͩ\\c!4#nu7m\h)}-vmE\\'4֜y|\݋\Ǎ\rߌ\٨}8+g\Whq83\	\D\yuayо>u\*\[\u\S\\_7*G+l䔍V6sW:[P_T\\n\\xXlW<>s\p\0\ܟ*ur\Z~ 16\uln|,\[:;_U\׵if.\\h3nqHyeR\I\Y(B>D\_.vm!bu\Wf\y\O\?g\\nn\Bɤj{kKv\\\\&6\oƜXX-=\\V-3ɩt|\\#\\t\l\\;Zp\\}Sq6\ozY͢,r>\֏ȷN\h\9m#}0[\\\ȵ^\6Z\n^\\؇V\\ピ\0Pr\0Ek\\c48N:B\횃_.Xi\ӭq\\kGz\\_4:R\S\-G\P?r\qfK.%>\D\\\=GqRK\\U\pe՜\È>\;\bٯ\\\Z1\n\c	\%\?B\'\f:.7f+dd\\\g،\Z\riA\uPb\0(\\\\t[nO~!<\nk\\Z\>󎩑^.lĔHk\\P\"Z:\9LڍmKC{n{	ғ	qz7&6K\uߍ\\H\r\NXL\j\h\q&\#\k@?R}\	[KXi\_ \\\{TdX\r1a㕠\\R\q\$\:jl\r#D\uv$Xt\[G\E.S$d\\0\\0q\\\\۵fcwk\]}oaf[R?\\5[U⨖J6[keģrq\V)!.4W8߀cޫ\Bv\0b҇\~!1\lSV	QW\"\r#	\ýf1t\P7)\	fd{c\\!lv(>U\\&(%\w,כ5\L\/`%lЎƘQ\n\e\wS\gTY>kA\ܢ}NjJ\ ;pIfH\.?*B\mܒk=\\a\"-\\4\VXnL_u\du12O\7sƦ\\Z\\|rD\ȖޓU!\)n\JoFu)b\=4\\(r\\\\\=\p^\M\\\\Z\oǼZhuѷ\0\$w^T\mCm\r!\0v\\pl>c1ps\ Rq\TN!j\Os}\m\Oý,5\Z\&\\0\\WX\pS\}W\"\dܖ-\w^(֒\KypB\bڼ0\\\0\jn7iKD5;I\&2:kr{RԠ>.X)ҵ6\*#2)js\0B\=\^kB\a\\\5\K<=\0Z\q\1\ht#\\oZ{<V3V,W<u|/\\u\9%t\3T.;j0b}\ݢ\i460ܶ<B\\\kOK\r\#tQEj5\\԰\w	(u\ۃtPu\H4tl.#Δ;\nZPsCg?b?gz\r\w\6\\\:CV4\L5\\Y\ee))5mZ͝\!5cű\wUm\vȧ&\rnIDq.	/K#<Hܳ\Nh;m\\\my\nnT>E{\a\\>F\[!\'!dg܍\\\\p-d!doT\'i;\YZ:\\Vݣ\"<\8>G1ܕkG\U\&\\\!-\9B\Z6ܖ\\,o\w\J\YZ\w\[c\ea\0=h\i\Ï|\T\B\\IEv!ϥ#V\\rP<G\JZ\{\_\$F\e\4\'Rnn\ۃuWʳ\0ɚ\k\Z\noպ\\ʔ\$[Z~\\5\r\9x\]G\#\0\{Ҽ \8\\&uMBIr43b\\t8\nZ@\\Z5\\"\"#\cl\󬟉zM9\\\Z\دVf\\\r\\n:2\~?;؃\4Q<.v\5AKF}@(|b\\r\ /r:S皧\w\M^%iJ\bʊyC|\\0\"g<In\\0oX[\\'Џph\{\Yzy*`H\i{\\\J嵧z\&\\d,!k\0np9\'o#K\\\gGYa\m/RTۮ$ӓփeR[\޷]n\\G#V{,T\6:\sy\;N\\c\\\r\{\\uEPx*\\\4*kF\\0\_Щ̼!\\\z\\{\}P.=\Z,\\#[O\\LQa\K\r֟6]1\B\\\@\\gq\T\\\t;R]q\Vs\0y\\\0AN\ه\nga֩kN\mA҃1\釜Vz\?AM4\r\\Nّ\~W[_nY\\\j}\\\eY\q\"ˎN\F\6\{)>ޖ9\5$lhZF\Զ(j\p\0;o\\Փ\ü>\Uچ\\\;&u\B⇏M~\J6\\iݸϰ\;	!\Cy\-V^l|#{x\\X\JZ\sn\%\)ф8V\n\Z\;ݻ!km1I\]>\5B\\\Z%nF\r\V	\\c\r\A\kT\wx\F\0\u\O5Qv\m#\\=z\r ۡ\,d!l8\BZ\{\QuOmrNy\0r\\-\fUN\琧<\հ\B\S\9\\\$K&#n!\\\0\0:\'\)\cj6ү0\0Kg>oi-4ә\^\\\`5\.r9\=\3R\-\+A9m+y \'\䤐-\EDVk\\\~\>|=\nՃ*Otc\\\ZT^u\̟5|\J}xw\\0K\rm-0B1\\\\0ڳE\T9ּ\7gvVڜ}H*+X#{{\=-㝗>\`\Җtr\:N~\u\@[@8\Z\M5\\\Z\^^\G+\ڊy-8mhJRc\Z\n\0\e\u»jbi\Nr2@ei;F^u%K\=MKK{\P?\r5V\rgO\\\\yQ\ZC\+\Z%˥v\$ʆZ~9\s\=!kad\m<\QiS\\nQ>cM\\\\~@6\\4􄇧\m*\\"{`,]U.\UפܼJq6Z\.!::tl\9*\l\RVß\\ۓ\\Psu3uH*^\׋U\b-ȁ\~P↠\o-\M}\"E4G\D~t6|\r7\V(№#6,\v\\r(\\07+\\\)\\Z\\[O\.4am6JP]Ӻ@Ѣ\|\ݵw\n\v\tmH\ZKg!\'5\N:\ŝέ6(+\Lőǡ\u}8s\\\T]4\\\\\\4F\V|\!\'U	sd\nb\)H㐯\!^,Pov\b<?mc \\\\B՗\\ض\-uuΛ\ח\Oj\їkO5圤\P\\9rG]Q\a&\\h\\rǈ\\y@\YoktH\v)HNR+~#\@~C\J\\\FX\VkMŋ}s֍CK\\@0?\"܂v՟D鳧%$HDܶL|+nw+99lU8\tҮn4\|6J@\c8\ʭ$1:3Sb>%\/\A\\ZPZ\\FZi܋H*\.4VRq\}i\\;f\R^\\+\i\ZwY9m?\\0\\N\'|I[iwP\\,ɒ\\-\Ik+y\Ԕ\Ƿ}Vu\$\	PKF\i\G6\\ҫr\7M?d]l܁!W2p%M\\XZ36˷ؗ\0Cۜ@Q\z\n)@mY\tc5O\:]%l!!ɞ\\ik\Q\}\l0c\\X\=\\\\I\]$\L\x|\\\я\<AWѥdH0Xm\A\Z\P%Z!a\0;\*y~^\rј\\"\.9uP9t\O\\ymFX+k%iY9\'9\:	\\BKt{\\.\"sc\0d\@\8??\r2֫\'նd׋)|{tCP_U!Kzֿ\K\\\q\X^\0\rF\\O\#q	V׆\x\o\՜\[(\\w_\=\\o\\Hl\o!S\\GMS={\mD\\B}.7\\\$Pj\\e^Nl\\"\hgf\GS?׍]lq\Zk{\#Ǒ\Y\q&n{\K%7rrX}\\\0\ښ\\\~\0\Z\_IBԶ׸uކOSᖅ\Zle\6]-\]l\\s[آϜ\햭:q\-+Z\0\?:>Mi8o\7KtXj\FS2:\\9{\0^\p\7{^\zx4^@G;\\\k5Wv.t\Oҋֿd7 v&\E\r	\rZv\$k`\U\i*W)P\d\&4ۣ~\3\o (G\1\'\\Zt\ΌS\M\:^`-ZKO^H#9/ֻ\\\:\@\\/u\\\r:\%HB;\ZW`I=jh<\\W\v=Ay\V\\Wh\X\0K$v\r\\i\\	T\P\mYp=D\\ntc\\\\MAh\\rukƐ\\\\aHXB\˟\@\"g\)\du\9>õK\)f\\-w\MXrl\nu$I#:T趿\\+wL>\Ε6kin\|PDZ\ejSD#5!p4c\	4=\\~\\\:d8m\r\KT\Coam\\<k?ռp;h]\\\\\\p\\+\#\'O\\n\Iu\\\AX\z\\#j)F\sGre\8ϘA\\d\5\Qk{\ZJâ\\\jD\\hA\ʇf][\\\i[sM\\\dH]R\\d/p:cr\0\5-͈\2*h(YRE\0\na\8:~ݣ[2yťż]!DoJNCJ\\5HVm99oe\rKR\-(%\0!\qܦp\\\'W\\Z\:\2\'\]*iamu\oI\5\=YrH֚\Фڦ<R\\>\9V\7$\\:Q]4\v\\ZOۺ\&de\2@ڝw\\4ةxVkDef`r\nǿ\HYlgF\\\0\\\\\\0Ϡ&y\p\N\`jGe- \ޣ\r\|e6yW\B\F\&\iD}M2*n\s;7$8\֐\\0\p=Iڡ\34\[Y+Pi\n}\C9B\\<\0Nxg(f\r\)Ӯ.ڋ\k_\ԝ\T\TBS\\\\Yx\CD\ޖ\\"Pzf{x\]g&\]CM\0h0;\爺@\\=\~Z\\]\w \/\;Sm\t\\\9Һ\l\r\\\}\\0[ݝWi3\d܈\\e/˶֬Z\o\\m\e\~)\"\\#aQL\zC@\\\Y\#Z\R\ٶ\\\0ڮͣޑ8n\	i\\6?X\=\Ͷy:_\f()\k\D\ʮ\'ϊG\!\VŏE\%v~ioij)L\\s\\r\n?\\Czӭ9\\\n_H\\A[[E\\\\'\{W.$M\NןZ\\rT\\L>-؛p\^+\	\ئ4R\\&\\\B0Z\1%V\qڑ\\\nAkC\0\\\GI7]hA\\˃IY\<\:0nN= !1\/\^X5\}\0yb,u\\\v\"㘰GkOoG\0~d_PpJ2,wX9\N\0,RS_\N\n\1b\I?c\-KpW;\\\\\\\mO_3܎\zI p{~\<O\.+\[Ǜ<\nWk%-+\Zy\m\r2^Wsd\z_I:ԍ%lγ2c\\'rr6\i\B;k~WYO\\02?ڂ\\}%\3\O+-T\\ zE{뵄\b4\Z\q+\\\0\}\0>+\\0l[#G\r\#\bdtw8Z \0\\_4Ns^]qNG\\r\'1\_|\e|\\SȮB\\0ŧl\\bkP\W){z\\v\\q[#YRZ#6ʶ;޽s+xW֩oq#S\\&Cp\ڒˬ\q{nRE{ȬV\.\0aP\0Vv\0\\\\0Ϊ\MLY$)q1\/pbe\\$6P\gtFj\Z\kZm\\Z\M\\"q\Ɠ(4Pe\,ݎ\bb\mt\mP\Ri#S+M\0\\m\GjLIM0\\A\\rP\\8wscoN>\Cd\\=\`\KlAiPd+\\n&+7\\ۣj2Amё%L 6\}\rF=?~|MvڬgWrg)o-\گvu\ʚ[\CmÕ\%t\.3XpD**a\\\(#Mz\ceL<<7pi\\[Lk\>\n<tt:{L-~1\\\ۑpDU\n8T}sU]i~&Zݏ\\	jc`\v_E-\Iސv\\WV_6R\\|oG\i寞L8HK\!d~\Q?\\0z\n:Jޥ!Cc\r\0B1sQVH\j#m\\5XⰈМ\笵o\}cY\ԧP\Hmueȭ9(#xǍ\<%\Q\J`\sUjۃS2VX\{kc#\0\\\'܎ߒ\N\c\\}\c`$8g\"\$\s\GNdw\y%{\.6O\&Tx\f\w\njy8w\\\\n-\V_Znﯠ$\<~G\\S<\Z\\\p(\b\ġ{\{<\\:mZ\C.F\\\P~\"<s\8S\(.V \\9l6 T\zOV\y:kP\yފ\$6=Kgp*uy	=̎\P1U:\Z\mj\0z]l{d\O.zz\l*؎2\n\0`,\u\xw\b\k |a\x\\\z\B\벮|=\\Zs\\\\ˁ}\y\\m\\\5,:Ծ@1ԍcJV\+Mi1q\\u\w\DOoqW\5LGu\0߮.u\!\0\g\\\~\.(p.\u\x{!mWݮ\+<ǨJ\|\M\u\:s[SA֧\\\\)2\\\W*\Hz׆w1=-\gԌ\\\[\Qxu9Y7\mNnpZ^)5umSĽV텩mW-fb\@;%{/\t\)0>)\\rU-@v\A\0*m\=5ͼD\68\\G$=\tx\q\$ޛt#\\ّ\\?0qjX.r\\"\^onޥ>\KM-\'9\j\\>t)ny\fujK\2|+I>\(\\\\\\EøJsZ\.nT\+\x\ZK|\*#Z\Z\́}~\L\Zr\\VL\	@i|\.^\sߋ.>꥽N\\!U	z/\:\L+~5\ݘA\\7\w\\9;\q*\Y/r\'\\\pO-\i9\\O)\\rF\3Zw4se 2p\8\\z=\-/\\ǀ,\g\4wLY\ڂۨ\K\;\<\Ȇ\\ۈ=c\O\\9\jjr\|\W\\6\\8\[\-9KМ|\\*\\KPBPu=:\\&S#1CL\}+\\r6\\]\\\X\l\0QJĴVqf4\u>Bc%7i\\S\u>r\8:f\\hϐ\0Wԟh5\\O\"5\s\1~\"\b\\Nܜs/.pR\F\21\\?I\Plv\gӔ\3FqJ\mPA\\\1hh\wqk{\̧|-᥿M\Zu\\\\s\\WYf\\Ӯ3%\"by|-v\cw~\n\!Q\\\\Ë>a#\*\)ʎ)\uH+\:Q5\oy;LK]\p/\n\_\D\W\+*\t]t$vJ\<Cl7gm}\Z\Z(/K,<\!\DB2\n+.P\\I!YxUuf\vّR\r)?*8\"<Z\vA7J\ox\qQ\\u|$\?\\W\\^k\2/O3p2l]\_2S\\ޛܚ:\d0̈\y.?ӣ\n\\\vmS\\\Va{ـsr8]??NmWC]\9\\?Ҏ\{\\w\޽h/(\\r\Ac5\c6w͇~\\>\\x1\(ǧ-u=\r=z\\\\\\\\Τ\:ܺ% !\=\k\\ܸ\\X\1*\\N9\!h\\\ozqحP\\\p\z\GgmI6OqvNGzk\\-6R=	ln%yJ\*\'n\̧ލ\*\\ڎ\Vv	t\\nU<N(U!Z\n\+\\3I9mi%PpA4\B\y\\E1t\m%}ǝ\\\і\'@sR}\\0z!{\Z|7J򍪛s\c\{ݞ\\n$6\X(-\\\y3W!<\3\*[\Z\9\pu3\B\\V!g7k3	\YI\u͋;\\M&K|³r#\#R|ϰoY\\ Ȗ[ddC\?Z>1ݢoOܠ\DR\\9\\j\\g_A}j!\\N\\}\\n\h\m\\=[ӀݐV{bwqUiw%XZ^\,a\\~q\sȸvU[49]{V=/}\\@:\F\9\+xX\t\"Dd:\\ȭ\\\Vâs\M*2L\A\V=\kDf\\\Goq(/\0xog\x\E\㨸ec\\w	\\&zE\Ā{Q\jo\}ߥyun<cֳ\Aޖ\\'4\\\\cZϐ|n8O\h|[Z\WP\ O# \o\ii70\<ȴzu?άV}uƸ_\\rwv\xmY\}k\/yi\6KM%\02VD\\-\\+G\ReW͵S<>-\EVB\w2-W.Kg \\DE\ZVѺKj]Ip\\k\+n\\_?cU?\\rxw}\\ZsV\\K@\6\MZ8݊2cE^\7bq\2N\}\J6\r\\1\G̷\\+\'\0\KqbnYlM	\T\XVpI\S\R5\"]%vcu\"\\ZNBd\<\t}j	 hpIH\w-\Ɓ\W	]n\x\u|\mM\n\\\wM;-\ZP\X;#\^c+(2R\ĸ\ߧ/j՗όv\I\\}\9<qPҺEE\"^\B\\ $\Z.y6J\7۬.DX\g\r48\\s;\0vM!aij.\yI/g˸;W\0N\\\4\\Z&\dтj\o\o\K\dB\e\wtℲbK\6J&\\k>oje\g\Dr>6~\\pZ\̺\\EK<\gҀmge\ZKNϹϔψrKd!\\*\n\7$L~C\\\\Ăվ{\\dgʦkk[$		\\\\kF\퓚WWooKˌX˒l9-LC3\\\'>kIi\\vulN+t\5U|q\NK\"\\<JZ\&\\0Viٗ\t-|\k\$\Lh;\n\\W\\\W\Z/<\\ xX\\r$\\IF2g\\Z_\}7]\܋Km\.6\m2T&Hؑ\T\!j\dH\Q[Qh\Z\}MD^2nW\3.=!en+\\\MQߵdfN\\E\\qY83\O>СZ!\n(Pr˶~\9d+Ky\\'{-\Dŝwlg&D3\^\\=m\M96\)[\h/30\\\\5\8\Iޔ1|\0Y\\j\rZ\\mC\dS!\l!\>wzGj\}A\>`\RAw\\\;\'Ľ\t<\p\\|<y2f=Nz,4dvʟ\aFۜBر\\r\.X\(rbP߉1\?YVw\.\Z\\r/\iv\\v\\!C@@ϗj[4\0t)\\'9\rr\a-\QY_c\}Mg{\˭\rjA\\%y\99\Lf\R\\>Ŧ\\}\{O\4\7*\}jmI:\8WtIXOG\\p{WU\^\\xe{J\\0\0z\0\\\\0\FWa\\(f*\0I\Z\0\r\T[}p\\\i\\:\s\^\0np\\\Ii,\n\y\0\#\'j\hU(\#eyv3b3\lr\\V>uL\d&\\sښ@\8=\-\\r\ ♏,\\,8\-c޹\Z\v8T<\HG\u]\\6Jα9N\rw\UwZk\r=\ķL\\\?losB\uaKws]\	O޶[6CH%\rd\\y?z^\\\rdF$\Z+o\1\'x\\߾\R؆4Z4u99px\aMjz-,Ƙ\\,\=\r[-\Zdc\SwQ\nN-~ԟ)\nCc\"\\w?\)=\p\:\\:j~\:~D(.=oB\r\\r\'\ac(h\#+\Z,{UhBq`nlAF\\\\l\Kvd\,]-K\97ZAY\@[c2\r,r앓1\.Fή\0Eu`!=VA+=\A\\\۝WAS5\\';dTƫָJlq\=N\m\#곷\Vꦔ\(\鶴_\6\g\\\X$IbdI;\Xs\AqB׆-ngskvm1\f(G/lUfL\rnԑ\'ޜAs\a\Ѐ?[?Y.\aٍ9\\IϽ%2{+2\+\\Y\;\\[J4~G\\H@ls0^\?@֠S麯m\'\xRG2<G6[$~m*\D޸?l\_%\\Զ\a{-4\T4Zv*Ӂo@g2\d,\\\\zq\\I<E\+K\zM\x\\Ѱ\\ٻ\\\Ԁh%/kss涜\Z\EzcB\5mඡ{)p8=\f\l\\jҷk\ms6\\\-\r\{K}\yh\\\0\B\j\\CiHq%C \\E\n\V[\~e:Ȓ\9\V\ _cB\y\KOnb\zӶ\%+K\y\!3\t&{Ϗ:i{\`j(/\\4\\c\VW	?\0y)\;1\\'\pXuY?>4˪\*\\y\Z\wB\5\\ر\;\nctBPܟjakMܭo\"k/\\ǷրU\m]\\ƪm#M2O\\\\9<\|jŏ&L	\F\\'r\\0ںnAL\[⚋*\*ܩ,O\\\u\"\z\ZxY4\V\+./<\#t\;E\\0q\r\:*\èo=\p\W\\'\r7`O\X4\W\M\]\kH-(֞Tۊy<V]͓)\r4yB9Ck\m\rF8>\0V\ޠ\||c\Zcw\N\x\\$\XK\Z\\'Z\\(RH!_d\iťar+ҷm=\^˳EvaX*yi\o5\'h+YS\nZycګw\eg\$ӛ{\P\|yF5\Z\W̨\0[\mX֞v\Q_S{B\0\\\\^\?#\Qڡ\0ҷY8.\>UY\Rh\Zc}\\$J]@\Cr\˽pZ1Q\կv&\<1&1J\\n\\N;\\^\nD\=\@\H\Z$\7	mZZ\geTG+%`sMج&\'9fӂ\t/.gI\Ym3{\,\0d |C*	yW3*WI\+uRq?0E1\\\g\na=\z\\+&\\0\~\\HBh\E\QLa;\Uc\>$\kz:\\縫L\\J!p\095\eIټj\AÉ\uzyn8]\y\w+ٴ{\s\˧\\0?aEyiB\{ Ժ#\n\\\\\a\>e]\s\X\0_#z,$\WW\zW8\4\2݆U\3\^\f\\GGpyO\4\\!ؓY\\q}B\\:\\Ա\\\m됌C\0\Z\=\3_>\\\QB\\0kZO\r\ř#A\V\9֐\0\2{!nN®5\\~\0\D>\0&k\_\\u-y\#n|;\\<9Ӓn\.0\\#\\dxhr\\\t^&\\Zz\Qĸ\T\_ljz-*՚6)P!\i\\l\\/\?`7u9\F\EI$\TԢ6\ P\y(\\\zPNPRXh\#NeY\%I1\zۇl1`FanoayTN3\\Z2\\S\\t0N|J\\\rUHiߏ!V\3\\|U\'ZA\<˄\|NW\r6(zZG!=>Xڴ6\0,\'K\\tU:߷\\vpD@!bDFF?\lyC\]Gp\p#LDm7\ZS#\:N\қOg\4\\#m4i\\n\0z\Z!C\=^BV\O5<3L\"H@f}\g;\>0=\\T\\,\YμjE˷i\\\cs\1ƬoϾ1bA)\woc\S0\aa-fTîe9\Z-\1ܡ]#)N\<2\\u-;\n\b^3L-\\\O\\т{;r&l1.3Q[Ytl\\\r;M\g\Jqߦ\\\ˋŌ:x8%-\P\\.U\i\&P\@\m\5@0lH\\_\r\r\N\[\I\n\mF/AD퍿ʜ\h\w\\+M\\SZ֫Z\<\Ag\\q\s\\\\qЬ/\H\\\\% \(R\\\!3\]*Γ\1\g\[u[\֣\\\\jvO\ODu:v\7nJ\#?ֶ\<\czwO\H\ZzXT\$Z\s\\~\K	,\gxQAɗ]\z\ԭ\3\\\Eh)\O\+\&\kZMHejT\ Giv㒞w<(Ҏ\r_uŀ\\l\-lט)\,u/\\\en\0\W\"k-I4}\u]\-N\>n\R\|@\-\+V\:\\0\\./\\zG\	3[-ےү\PnE԰zZշ[}\\d8\)a\p<\Rc$%\!\0\ZsI1d%@\[}3\Vd԰ \\Ҭ6Ɂ»q\ˡxs`7ɣp\*/Si+J\i2K\T\m^6\nbTd-Bޮ\m]osP\Yau~\"p\O\\I\E5\d\𭏦\\n\s1\\J\\C-c4­\B]\5l\\\66\?Y\-P9qld_\LZ3\l\Ͻ2\\\n\EH7SF9p[\Ir$R\<|kp|yRR_5mC\V?!\Zd\5}.}uB\*\.<^\\\\Qg\"\x\\	oJ__ʗ\\Z\Yʫ\\t8d\0eLZ}@]\q\\8|\}\?u\葒>U\\;(\\ih\B\Zx\}(CmwQ\n<6˓\Zߑ/LV{\h%D=D/\_\QHWO7\dCXȩg\\\\"Ӳ}\Y+\\vї\,\\P\0\ϗ.^]\\;V\l-.\\\\\"[3\bDeU\\ݫV\(5nd\W\F\\6\8h/\>n\IB\\4\ -mCu\ʓy6ӒXʢ\0޶R\6GWZw:mh(Z2pGy\-g\v\\}G7ÖˣcB 90Em,Έ)%\\zυ\\Zvok\Ȳ<4\pRk\\qbl+\<[\xd;4;G\\uI\\Z$\yM҂Z\nMoծj\Ÿ\w(H%#sc\yן=ʛ\\\\j +u.rc\\[V77\n\	\:\0\zƻj\\\qT\y\rX\[\0lO\\\'##xL\+\\3\\p\hB)9<Fw;h\!	\\\\:\u\0\o\"\z\!tD\司\'\9\\GQ\}y\ryM\+\\\'c漛sop\\uIǦ\#x_(\A\\\0}?\=\%+\\0\ϡ\\0#νjv\?5E\N+_ua\{\rd\,\'\nw\sO\dB\\HI\\'ĝ\4\\rghp,ڠF\Fx\c\c>]NL:k푦oHW ]\QJ\Үϸ\5X[!\Z\A\6T\\z\'Х@\\0{\n\\Xq`}*\՞A\0I\+YYFv\\\Zj}%\0\K?-e\*\\\'rMJ\\t#QRI\4\wn9uJEoa\|\MV:D\\x+:[\\rG\˒;!2OV\)\rOrԷ5\͸c9G\h\\ϙ\W\\_\n:Z7!;K\j/Ik-\\;Dvdke8a\Z\Ori\o\-\I\\xvv{WwZ\0\\Q\+ڋBZqJr, \_qYRe]-\\0{q1\C\0\"\m=\{\Wt\\i\\P\Q v7\\\\\̧.2x\թᷕ\}C\Z\g>K\\rZtܦ/\\%MIKe\\>\zׯ^;̑ ܭˌ9\\A\Է\rNY+T\c[$\CE\\\ldTE`\WvV<6gUe6\E\m0\"KqK[BG>f\F\\BO\Eu[\\\\\nE7ďP \\2ߩ\$Zϙ>fuCc\ZZ\)\Le\-uXB\@*ɪ\\\\\\nm6\\q9;~\n/\tnC\uQd<\\>n)\"iy\\Z.p#\ Jlh\*\Z-kDKt8f\rJ\FGJ\3\=\\\+=*D\1c\}G\\0]\'\*ǽ<\zMjVOܷv%OM\}P\Z\\\\\⺠wK\\x1&|Ȱ\F\vC\O\M\2\*S\ҙĄs!\\r\n)F\\MWU8\\\\l{0ַ9\jض\ྔE2\[\a\e\:\\8\9\\/ϓd#\V^8@rՕ#]\\\{_-ٯ\\̠M3ֺ#ٴ7\M19\tǐ\\\F\z]K5p\֫ܓ1\	A-@#4g=\8Ꮌ\mK0Cs;r.rK=\\6\c\"\C*oG[\unyOIʮZ\0F\ v\sܚ8)eJQRIɦvK\V\wrG\)\0\\\\\\\0\\0̯Hh\5e	(\pV\;/T\9!zjik!m/0v\6\i-0\M4\\m@\0vweqi\b6m˔P\\!y#+\A\CSHwS(\\\\\"\Zm3\t\\\z)Jsj~\vW\'ֽ3\0O*CS\\\\\\y$\g\ηRKO_XU\Q\\mǓ\PT\1\ )Ť_Y\­wU0\Xw\\]#͵KZ\LgW\z{\o\$p\\p\0\V5Ƈ\gB=+\؟\\~\ \\ߠEi\=1\(V9\0\\\\0c`\iaR\\Yl8\DQȟu\ 8.w\ff.\\\\\\v2lU\m[m+>\\!\}h:@	F}kZO\Đ\\\޿E\\rC\7ql6\/*H\7\0\n\Ϻ$:4\ijTu8pB\\n9\\\\rV\U\\_?.\t-?_?޳\qN4\\$w\'\\\Q|E|,F#\m\\"1i\\:I\\RR\Cly妚g\xlk\\\\\08\쯠\SI\\'\אsr:\ᛶ\";\0\5\0[FՍ\PگKY5+\KJ\0&:}\0#N\[8!{!z\цؕ\kb|y.ˣx,4Tbcd\m\Smѱ\fLۋ\6$!?zs}\nB\K7G?֮\\[\\I\y\@ϭ#p\\7_ޮQ~\>\vEM_\\ov\'OU:\rD_\0I\\!bkQq\G!#ǑS\9ֶ\5\8»5hKq2j%\I5\*\\'\\~H\\\"\\d,tƼ\󥒂V}}W=O\H\\G&{\)ew\u#\\]\\Z宖#$\G\0\ת\\"?\\+\08yN1ؿ\w\8x/\0Q\?KO\*\zG)[\qՌ,ל\0\\k\:!-\4䧶\0j㏨z\\]\_\'FHY\\Z\K\VX\W\0GE}6\ \\OIsZV0\\}51\\\\wV_DJ\1u\\\5#r<6\'HD\f*r7>\\vvU7o)\Udr,\I\\Q\r\}C\u\G<\\0s[\r_y%bD\\rw(a^\k\\m&\\\Dv[\rz\\i\\\6\\\=r\\ո\\$y\6?B\0U\ZX\mԬ,Xm[mY\\\0\F\"jZd.`\\w\BZ\\rsj7/ֺPȡgBP\rwUt40;I#>7҄k\\*\=i	h`g\\!nE\0\	@\*=\AQtc%\ϐ|B\	ĸ@-\Z\R\\E}iG!DjUS\vJ\\1\|Ǹ\+$\L\\`K\\\B\DT̄G8\5+\fC@\\%\'#[Nז\m\2\\b`\1^ʉqO,ۺr6s\Nw=O2y\\B\\rCڔ~ueN}\vD%)\\'eT\Pn}	/|P\\z\\\mC\Ti5\\n\}\\r\\0X^֌h}eDi\->\\W/5.@#	ڜ\\5?\"\x\B	a7\k\\m\\*b\r&8v\\R\v=egInu\C?\Z\ߙG9ÎڵM\'a\3\jk\\\,s\;\{\v]ai&v3N\mH\0F\a\Pk\qWh\V\=AM\>\\M;\x\Zi\E\{nn}\W\\[\pe\;>\\\=>C\:k\N<Z\\ޙr\ri\E_G\)\ΘQGg}R\Z\'\ZX]\r\h\1\ctm޹خ\\\6\\%#X+\DM8\O\~(\:ϖ\i:cN|\T͵D.\j]黥\0\ɇטm< gV98cqvKݦv\9\c6Xl4xvej4^\.tl\\NHr\?<\P,h=\nt*΁v\C\sm>j\\"\0\m;1]\#.\\rA\\\\#l\Zep\W\\iEp6|Ժѳ4\HumK\G*U\PUAQNp	4)TƤp!\;d\\#>\h׍^\\\\vd}Cnr-Dej$S\4\\'>;o\Z\H!!\Z<TD#?M\Sؖ\0fP<;5-hy\t)\\\m\Sf-5\=;zPB]xȏ\ᐶG;\\\j\ڱ\\Vn?e=A\i	V;\0ƶd/v\0\Z,WuU;u\=Dl\6:W>[=x\xoA,\qAU\)F]#qVOOQp\%+m?\Z\ྈ\ږwe<\x\'LK\_WO\'\wZ&<ғ=\\\4n#qG:\Er\\\2\*>\8\#\H\_\}=+KF\89\\:$>5\h\Pr\u)\\^Oģ\\h\d\\"\2\繤.Q-0YZ\βJ,8A\\ď>?KԦ\\V\:t\ZeƲۘ`g\0ռ.>F\0+B1	ꞛc\\V:gU\Yɝч?\\Z\f\rC\\bÕ/\rOS.8\P_uinq\0\\ƪC5io7<T8\%~<m\\\035k[\0\\?_Js\\}\?J0tE\,\/O<\}U\OrO&H?K/\\~\1&6=SV=]rj\\'G\~B\\MC\'Z?\P>t+9\.\%\%;%\TT-Y\4\*#l\\\0$v帯\&$\N \d^\\\	H{2cC/<i8\T\)yy\yb\w\.-Ͷ\z4X@p\]\\\]\O5zh\o\@\bc[#\r\\c?dC\<|>j\vWP0AMn D\){kҭ\0?Q^`\\*\E\J\ek\\\\6\\m\\͜jd\\J@\cЀλ|\y/Q\}\rn7}_o)<\y\\'\H#(\H\\<af{suӛ\	d^E^[6\:m\9?\Kƥ\0gAO>\vx\G~C+Ej/Η$)|L)+5+\\\x/Yټ)<\[pZz_B#U5WG\x7o\\6sv\?\Q~L\\\iTJޝ45whB9\\nހܰWG\WPM\T*\N\*.6\\b\e\n\z~\"c=\TE\ܮ\0\kdU\)ӮWykd7\\\BU\\V\n:9\\hd\l`:!XHʏ	Qp\=\\o+s84\(-\\hE]uĠ]\\Q\g.ʐ\P\\,\G6\p\\sw[4s\QЮ\?	ݢ\\8O\\#I1\\A\W\3yzF\o2^3\g=OYHq\*+<\\\0b7\3\"5[-\U\\2\\rQ\o>^j\i0\lZ=\\\F\\pT^\"ϊ\\Ƞ<\r`	>uQYR\\:չ\++V\\N\*Jni}-/[^b^O܂%F[\c\H>\gz\!vW\\rQ.}\Y\\jOU\\V5݇\_R<-]ˆڪa\\eU7oX\\\aON3\i $\Y\\\GqgSY,Z\&5b\+,.[\a\|\A>F\?jd1o9\8哒SQ\\;\:gBZ\LZW<nK[\MO⯌ee+k\qYNҼK\nGg]~\|Ҭn:r\\.T\ާS\f\\\Q\a\",\\\@ܡvm\W?\=\"̜\2\o\wG3O6\x#m&j9L\6\2:w\8t֜Vl\\/VX:\\=\$\dR;mgċMr`7&sg\\\\#ξ\Չ[ޣ\P\Ve;=&W%\㼾\=\DrJB\\>B\\0xƚ3t\Ydoޣ_!\TC\',cd*{t6?\uy\0w5ՀwwKK\EA\\"Hle\#s A\0w\\-\L\Y\h\0]U   B\\D(0i\p\Ͽz\\\\\\\y\T\\cM-P\A_4L\\5\ְ[\\Ġ\{x*\\$\\u=Op~\0J7^D\' \\\%|\0TY}MQ\PT\}>iwqyOh0D\{k\'\0}+iV\0\-=+g\ٯaMDuuiw lҗ\"a\n;N?ܬѝwy\I\9^h\Z6?Sq\^L~|:\D\\r&\V\w\\h>\0\{\\\"\\yB	\Z}\GBc\S=M)Ӻ5Vf\\\F\\\;\\nA\\V#\u)\0\ҒD)ZmSx~\F\\r\kM\JdSM4Կ%e\+\\e\\XRf+\"8O\S\06\PZ\1\\0+\WF_\d}R|\W5nbL4C-=2_\'Ҽ\ns.W3\SW2I\4n\vdy\*\qxC>yP[_\\ۤ\\a\]jA\\?\\/?Q(\Z\/3¥%\\F\Q\jB{ypGqὕAs\\\\b\mK^ޱ^wm\.7\'\\RkE=!K\.:\U\U!\(\ZJΙO\\\\0ݡe+\\\ro\_1pq:lA*S^m^b,t|\p?8Pqu\ڥ*\K+Z9J\*?X\Ƨwiu]i\'m>U	Q\w\{\6W\X\"fXy+5::1&4:KJʡ\Vt\MN\9\\Sq\q\v\Ea}` N\\U\{M\p8c\&m\0J6]y\\\-sm@5\W#~\\R\w/yl\\)\nǒ\C\\\\\J\ŮM5\׬o)<]@\[\\\\'\/\\#vz\"\'ˊz\\Lczϖ)\\n{jt\\}|}\]\B\\m-!IPB\B6VjM9ڕi>Ul~\\n\"KCNOc\%\QGK~wp(+.w\$̋\-0\0x?uюpFޔ=\0;`l<hZ2{\_AB}@<\\@\\'ҌH\\0޸\?z*Ƴ\r&\Q}\Z\M\Vp\<\UWgFney\0FZPØ\K݂\\\k~Y\9K4\\J6\\Cm8Bx\r\\8|/2\\O)\*^\rى\l=\nĬ\\\\>gߛ\'΂m+\>]\w\Jڇ/wz:+\1Ƅf	<cʔCJ=\\xDZ\(Qd컖\V2}i5U\޻B(W?.\B6W+\B-Iڳc>O,ON6_yiqί9\\0g$c\JDk\⥬$\!G\\09\0\ZEi\z\J\ԝ\nEc\H-zrbXlT\\\SWA\dfkES\n\y\ׄ\[x\p{\\\r\.>\!Qo\\I7>o\B\vA \X\6ަ\\r\\\Z|qCN@&\cxm\v{ܷ\\\31;\&\\\"<d>>c*}\\Î\0QY\\\\\\޺\\89RZP*p_CPit@\\J\{\\\Ȳ\2\'rAb0@\\\r\o\ca\\\\\-\LX<G\!\\Y\Yb\$jsldu\\nBa\r--9\ZB\\ls[\o\yRq\\0\\\\\#\Hϸ&9##\ޣW%\qdnIYa\u\&H\\~SPX\R\m~\\GҊƛ㡾\dw\;zm;\nX\@#֘Y\!\}چ\\e|Sy\\\\\\\*\ HY8-\T\0\'֑\":\vć\s]P\\.eߓkf\{/\\~!1\v\\t />9T>TTps^\zIݔۄ?tݒ\\4\V|\-<\K3\H)g?DY=\Ms_\>\ˀu\3Cy6}*ʡ\\Q\Pְp\\~\^UpE\ѩ\+\&\vGd \lg\wK\?w6V\ϙ֙5mV0\\2a4\\T7FBr<ְq\'\\r\WJĂ\\\\rJ\smJ\߬:\x>翰5\\rUyH\\\!yV6	@ )\0D\OTU\\9n+#h\:s(w޶0\\}\K\Q\Wٰ\M:\ 	\'a:suʷ\\\I-Z7ⶎp\Z^b\~=\#\sp\?R\>^ψH\f^SמrJV:n͚\S7S\{qS\Z.:;\f\5:f\[B$PӡK%]}~AmZu:CO\zXm3#\I*YOz;[o[\\)\C(r\\}~t\qiǹ[\\\Gw\V\\r)N/\0f^\"\^\rYh-\\-\8G\>1\^i\0E\%]\/\\\Е޽0\5c}\\#Jp\ͽ;Q\E6`blx.)\9\\^Xx\\	\\0\\Pz`#u!EN\w\JiUY\0\'s\n{\V\;QiT\\PHZ	o5\\Cz0G\0G;У2 l\0Қe{\]\<;\]\'F\ \"\#\\'\hchRq6]\u\P\p\\U\lW\]G6\ncA&Bϯ-whjDiQV6{\6}\\"_`m\g\'\Z\;\/oi\.H9\=&\:ܷ\\c\\\\\{~UHOb%\\\tH\G\\unvCHf/IO,\qk\)\\0\-![\\F\5\\ks\zq<mYb\f\@\\#u\\Hi4\hCh\r% `\0<-$\Y6-\n՚K\x\\\'83%%GsV_zEiySj.+\\2\c\0u\0p$a+	BR\\ʔz{T\1-\G\q]jy\rܜ1%\41\\k\\YݻE[\ٲ-V\0|Z~:F`p \Ih\v\G\mZG*H\\0<(qr\҆=Jr\/lP\zGt\(Fd\\>\Zߏ\BU\\\q\0\Z\'z<?\?\D޵$\I)[l@qrO%\MnkKˁp\\;-\E,cjn3\W1\5l!\n<\\ޡ!4\:/\t\\qr\}C럓ޡ[mB1ߎ\\kQ4.\\/\3OGt+F#%\tic\ҞpUA\\dF!\0ɍ\_C\^\Y!\\\[6\s,L!\y\W\\\Լ\?\\\*V[C;m$\0@O_c\r8\r\hWkq\\X\>\\DIp\\P\4\n\m\5S\\ jEGy\\V	w7\O/\'Lv }xpF7UL\'ba䶞\'\\(k2c\ٿWKh?\|g\\XBDGS\\\\0*\ô\S[;\~\֫-\0\\kk˅??5M\j\&GĠ\\=I-]9w\?:FTӄ\%?/\Ќ#lt#P\\.Lƚ\I9.(\\gW\Zͤ^Xae\=?\ڥZJ\2\\ɑ\8g\\?n\[\\}\\\\\%\_9qŜ\0v^\\|9	\wڃ.S\P\N\\qw\.\P\'(\>\Z\\_R\\o^\%9q\\<|\n\\K\Aq(f:B\w\Ҷ\V@\r\U\\cY:R\\8\0P\..aֺ`\uج:\\\4Q*yD\S`KG^#\2\IO20EX8vx\uoEA\r4\#{fmKq(l)J#޺x|\\޹\_\06\V\4VsFeE%X\8\'4)tf;\5!:\\\rV\Z\5\nSC.R\8-7Gm\\\[	)\'\'k]>Cq\\\>=\kKel\QWrzh\S*>Џ\\Փ|1GGUL}J6m}\b\!E;g\n\<8H%\m.\l\"9\Ѯտ-f\[\gMدS޹\\9OZ\.:\*I\)f\\+\F\Q޽W=G\>p2m\m̼̹:\۷\ymMU\=+\wۓv)\\-h\2}k_%\}6t(WSP_E\0\GQ\W9V\lk\A\k\ʚV:um9s}.\\x\0\.\ZD]\\29{\nF\":c\Ǖ\nA\0a\\\\e#c\h \1\9Bp\\=\0ԢF{mJs\F\EFs\]@<\QJ\ևo\]V9s\pJp`n\SI-\r֜yQ@N\ϭDaP\Pű5	ҤϺImЬ*C\Hr|\reH$\ni\]\!A\0\0_\'lWJq	\Oa\ShW\FH\r#O3\XI4;\V\\0{#1@\07_F?c\] SjѨ>\?֎\z\\\\GM_\s\M[\\\.\z\g\UsJ#mnD6\ZV\[xsw\\s4\k\r\Rӓ\'y/u`\[\"K|\\B\0\0o\aYVحoQ4l\Z\qmA\*<\0w<\\Y~˲ƺ6\u+\ٽ\n\w-1\SHɬ\V;\r>Ӗ1d{@د3\HEuae\Qb#H=\Ւ\\o\17c\qwɠ\޴U,߽!*SIËÓP\\0\VO\=ier%%j_*P	ZϐUU\\03Y\\q!GsA\\<\\\\Jw6\Fkl\Z\\@쪔ˇn\\yр\'j\\"Gs\B[Om@4(A\q\B\\\q\\\ƒYBq\H\\Y\=I\\6eصJ\\q\%6/dǫV\\\@ѷ&\\p[?\#\\;VG΢Yi\r.\Zs\\C\0i7!ˋ^\0o\ꤻ>\*\\\\$\\\l-Š\qGtrw\礸\nD\\\"M\nýg\ζF\\'\'`j\0͵PΟ~\쀶ߐ\YF<\8\7\q\'U܇{\\o\SP\\oh\Fٷ\D\e|B6\'\Nj\d/Wf\Y70Ųdm\$2q\"\ܸZ:~i\\%\ro\ ϛҸ0\nc\lY2\\Z\0yX\\\l*\\\Z>긲s-\VsD/\՝czE\V#Lg\bKN7!\m\\O69\uZ\T۠v }i\cʥhj^\"P}5\WT2\08\7\U~aJ´\[&.!F_Mǔ\C\\\SQ\{\y?;p/FI\jhG\^`\\v\\\Y18\B߃\\pRvG\<\#\ˣg[SR\9J\\\\'T7p6$\(\0~\|_\\\o\\;Mooė-\\\m?\0jg\6L6\ea[\W\p)\qtZ\}{6<{Lnƣ^SIyhm%\\r\"\\rbZl\%z&攅OrIov\ZIPؠ\Dz:2p\_zC]\u4x?\rB\9<\la\0{[p^\"\"_a\k!`UZy\"\*\\r˓[o۹Wo!=\l|׀\9q㋂V\5vjO?\\\V.Lm\O|\J\n7\r}ުw\C\^\oRfL \0oSU\\'qN]n!Q%\Xm\R\0Hن\\L\E\Բ,xW\0\\] {\ˁָ\}}@),Z\\T\r/\r\>\:m޺0K\`lJ\\0]in\c.&U1TV-\\\@}kpn\i\\%\B`U\jӾɖ>j(5k\\\\o6ݽ\<c{\'mǭ}+i}7b\KZݮ%Q{\0x>\<\\q,c\#,\r\Wȭ3z\\\kŊ\\"\pxP\JI+\\u=>\58]y\\+Z\{O}n4Ij@id\0)\Z\+n&ƍv\ǂ\\6G2\*\\\\\JŸc5oӣ4\Ĵw`\}TN\ZCZ\G\Ơ.\v\"\;,תс\\\;\MJID$Dq=\s\oV+\'VX^ \xϹ\c˅\B%\>	*8\F\"\\\5}J-\z\v}\^ \\?ֱ\_O?\\\ؚ3\\ln\:|\?lg#\\*0\U\b;\f\fPe\\\0@\I1:gޯ]Y#ZU>x\#}\t\'41(\n4/\w{_\\ZL\f\:\BH\'ז$\n\>԰\:.>K2}\TL\\GfJ\uOK;c\'C\PZKk)P \͇j}\%[\+\\rp-2ZZBp\\"4l[\\j\;)A #sߖVWޔXǹs@6	\C\5<?\&\"nά7\"\!\ax\ \'~\r|E	&H\0\\p&ϒ\Xw_t\\p>\:v|x\j*WM`\l\\;w\0TD\\ܵTR\\^%D\O\n\ڵE\6f5\\Z\0Îzm!r`\\1҇\5\wtӐ\\\1Vyli\\JJ\\\.\n-\{s\d\\\B\\t`\\Tv\\\\y\۴;>o0	^\nb8.F27_\&k,xvu^\4\\Q?m\\\Ȓ)\\E\0\\qZӵ>ac:+\1\͂\<&gLyAߐdy[%suL+ ƣZ<\OZ鲺j\p{\e_ش1\KZvi\0vOrvM\\\mHb\\S%r\\\/́\=`6\i!\\2_\\\0\;w5R\ot*p,e6d-\09\޶:FD\\\Z2\I=]ϕg\Z\ޚХp]\0s\kӪ\w}\w=aٲ\\9M9\\ZÁ%V\\\0\'	=1\\;?z[ZS;\\\\rT3\\2\0:s\H\__\w+IŠhu\/>Kl\|aJ.<NG\@܁[\#~v\\\\\\*\\ڽf\\n\eǛ-xno\tyMT4m\P\Ck ՙqtͶ=\\\t\\:[m6k[AJ\Z\m\r\c\ϐ\\\C\\<^x\\r\5h-]w5\\\-,a\̞	\\r\:&\\\\\\.L+q\\u\Վ5m&\\r.պ\t-\UeG\0*\&\\`ƒ<,~ߎG\2;j+ٗ86NuC8œ#D\*R\\0\'|a\YSIR\F=\\ϵN\d=\3~}\-uOIsR;<\?#~acsY\[HS4ExCpt-\\0f\\B3\U\0lq_\z\&}Jq6\\J$q\`\wQ2Q;\\+Wh\צ\M\\ZB\\v繮W\\pv\0α\W\DwXQ\"A\8l4\v\\,6\c\ږ\_`\0]\z.%a\\īY\ވ\\S\"]*\'\ڸƇ\Ag\Н>Bߟ4(Y0z\h=>\\Z\M}ؖy߂\Qh\\<yot^\\m\!|?\\E\:WOa:s\\&:\L0\Ye!˅18Hp}\\Q\\j\	x+XsJ\I]\5\\d\e-\7	\r\\<\6w.EA\ȃڙ\\ݭ)v\rQkE.V\{\Oφ\%{\{ց\\'O\;\\ݒ؝2\J\^*y qSR_lb\m\&D9lc\\\y\\\4U:bM\I\4{}\Ei\Z[(|tG[?\\a*>@Q>\jvD\A}uܐ[	\Gk;L	ě\\\Y\\-,5d\vԾ\'M\~-\\Cos\\<l^v\'ޣr@	v?ù\\\ܘ\\%_/G\'\'\δ\=\\x\j̸<\\ \\}\Z\23v3\'[G^`2\b<HкE\mJ\Zr\-3+*GI\\^(Y\_s \,[?֒[tb4,+\x!*Zs\W,\v\k?vFM7\ܮ\~\Bc.`s|\g\ڙ\r\\a}@	[\\0}Ͻs]_ǔ/ďCjtV\q}am7~UK8<b:It҇^S_.cl1ڍ\rrLi^\0\Y\\'X_SMq\"\\0\L\3^\yIRU\\\Y\\\\0JC\na\'`xq+\\Ŏ\\z4kd4\o/ɶ\FV\+\0\\w.Q>|(u¬V\\ϊ\Y)N)5\ĵC\n<i}ɬgڲ35\b{q\渣EBdB\n0\B\B\\f\\\.1LI\m+*m5\\ŷB\Zǁ9+>1\&\~\&\r%1hCi=\\s{\_=,m\\\\"Ni5\p1\_=?\\n\g\\92ހB@-\0}B+\\\d&>ѼImܼ\CKh)#\\0,*q\\\n_\\?.\+\]G>9Os\֑\-C/Q|\r\\0\\~E\\r\\\r3=\>ue?ae\M#mS\\\!l\\"6\wެg\$^jaHrDy\\m\r=V.V@4j/\n|`\\rKBO$4/\ny|1⤎u}O\=\_Z\F+0\\Z4\`cRx\M y*\n>FK\#\e\m\3(̃\)v\袶;b\v\{2IL\͌QSBH\K4)U$\'a\%\ow\p~\f\Z2؆WN7\Zs\\kРV[\-rjG5\fM\뭁\Chy}\|\r\RɅdk\\qA1\vp\"\\\QL~\\5F7v\\唿l[\JW	\\I\XJ\^}\=0\}\\rJ*H%)h<Arc8^ahsr$\,\G?3M\蹟\"hx\]KJYl%\\ūܚ\`+[6\'\zn@\-\M߁\&ì\y\\^\\F\_zm\n\n\9\0\\\\^xiN)\(\TbrS3\r3s\q^{\&[z\\w\"8\0{[u\]KԒm\n՚\P\\E\*b6DF\9[/dҚzq+ݱ\sԜ\\:\s\UHW	\^\\Zŧ\퓤Ŏ~C!2U\\PvN+0\ڳL\9mz?D\\LU3\\\O3\ZNɁ?a?)\ѯ\B^egGZ깷NE\\՞H,\N\=\\n\>C\#ߠq^\'ŵ\[m\ʑ\Zhl<\t\E\VKF\i\\\d\\Vv\\@܎v\\a\3<S8\#\<X$$/\=ip\0\ru$\qIُp,fH\,\\N\}~\n\\~,Mu\5me\o=\\zɥ-\\E\mExYi\OQٮ\c\\uͽE\S|V\GB9kGZ\G\\\F\-#3\\ƛn\(\,`ۧ&\\EX*\+\\\[gc޹4l9pP\6\wI\\=UoLp\g\H\yk	r\a\/\DgOxzLlwʀS\m,mv,A\@Ƿs\T_ݎV\\\Ȯvu\\\~\\CWd{\l$4HA(X\k\a d1\\x\qs~\4\V\~\'C$C܊\~\I\\W754T -aϋ\Ǒ\5q\[\^)\!HךV{V\K\\CŷЭ<88 \ZjA\^ @\ՊڀXd,H(;\JsXB2]o{\m|~ˡ¸D\={\\އ;\\\9\MOmjX.rl֥Gjo\NfoP9)ϛk=b\0=^\9d\lm\\^YDtF\7\rc%+\ֶ\̛L3\li?\(3\N\>Q\\0|\Yp^?+ƽ=\\\r \_!Zx\/:߈7\i\@6\2\[\a\0x\^0\\}6%F&2T\\#GĨ\\<\qR:KCpCRoQZHu3jH\|\\~Ao\Kt6bFod2\?a]&˻\\3\\905\K}+un\=\L_N08{!\MQ6՜M\\<y::\rt\esml~(c#5Ҁk\67\\~|}s{\;{W1NR$\Mk|R\.\rBRQ\,v\1څ\nǸڋ\\Ou-za$!\7!\0\`\\:\\ͦM7Z;q\_^\=T/\б\5\\qΣj\î<a\(v;}B\\\~\\jd\\ \%\ [\b>5\\0`2\\o\<ޫ\0\Zv\0*.\\\\Z~T{d\%\\(:Q\zӸ%E*=oaV\Ͱ\\g[pzDhjr%\.0bHb+ρ\\p3\Ӎk\}A.\\,{<\\\1б\\\<\di\J\$\\;.edim)1QR\.)e\{\\#ުz\$+\fܹͲb~`8\h\?9\\\\N\"\j\rv\)\6U =\ZHֺ\\2\p\bve\pGɌm_\UÙ\[P]\G\\\NEjҶ#\\K\|;}+H6E0yK\0\\7+\\;\nrN\\%C:m\ia\\+\oN\v\"\\/\Zn[ʷ\\c\[\+#}\zSU^ZpV\\7\\7z_\\r|\2!#\]\X\\\O\ٶ=\\Q\m\C#~\R\b\Z.:ӫxp\E\lGTI?t.Oן:+N!\\#\g9.[Ɠ!)\\&\8\p3\\\\Ѡx\\X8R<k@\N<]C8~}$ \\\' }(\B\l\-ڽ7mR\u+<.-\\'d|/ \\M\me&p_\l{ҍKC\\qr#vϧ֢v\\܋,\\͠-\\\\rI4D	\|D\R\.\'\\;4\\	(\WIԲPR\\h\\.w&\\2fKy\\ǎ\qşd\\˿)~$Y.6m\ÈJ\\\_*ڬ\B.-\,\\\{6꜁gk \0k\e\-a\Z=\Q|.9\92HV\\m<i\'h{g\\]C\mak,\"9N%9)@[:Z\Y**\'%T8\\\nѺ\*V2F|ZˬH[OBT\'\GS\Ϸ\:\!p6X.^l\q\7\\Ǜ\>\\>Ys8\~\w\0\H\\\Z\_Rx5zj~i\dZ\\\B\@B\_ ա\r\;\\\\Zk\p5\\n5{̫e\e\07\;wס\+C\rucM<8\0:Էxϯ.\R!\\m_\\s\ъBq_?\U%Ȝ}֖ƒٮo\n\\\\E$*qO-\phw\XIș\>>\\;m;k\\k@\$赏]zB\\BnI/ٷ?)*e\H\KF\\(/\\G_8,Gm\L9\\\1Gq\{\ڬ:+U\ucN\5Kv8\6[}{\\"6:cވM\k<-Mr2\\\\ELHoT\0\2\Gv!\\c?7\X<\Nl>lTln|\RUWT\K8H\}=렸nr\Hҟ\'sRi>`/g\5;*K\EBIVT=R\m\|2\\\\-\N<\0y\rԪӭ_~i/?Q]_mS>\\r{\ow\)W7\\IY\:\n\F9\\G܌Ӌ\^A\z\B5U\J\´C`\h>r\8\\Ҷ\\k\/j\\;^Ŏ_=V5\Z\3ӌ\\<}vM:\cr\\jշ\{=EX\(ӭ\q\tՠqF\Ơ\wE\\0.\r\\0\\\x4-y&{gc\\oJ嫧\\vSc!\rvP\mSV\G\8~\>L\\m\q}mIq~o8\\UQ/:\ק%\K{)\/?\cϔU8CRԏ\w|\+\n\p1\I\vkd^uާRb%rY\\Z\{\ lv\\b<=k^C\plT\Ȧ?eXB\y5\9\m\(\r8\;8\oJ/歰\+իOȷ?#9\\w\B`6\	%\0~\+X^7ݷ<\)5\0ƅ\]s\\.69;u$?\\e\.\\Q\\oE\8q\n{]K\\Z=\ۂ\\k\[GRm\V\uxl\\\'5=BOҶ\sWdB\>\r]q\U4\$i~-͉\.\Z\Q$\1\nT?#{R\0f\nZɂJ\u\}\\x2A\RW\0R71\h[\'\,\\׮<v\o,\[\m6[j\/Q\vɪ/	e/Zdp\M\x**\\=B\wy{\;ٜ\\\Zbn\Skg맕Zs\(\.LpφVE\\\aٷiMrq{p\\\Ƀ\ܒO\0<^kĝ#\0\\O:\\\\u\\\[lSO[G2\2WU\ru\Gɧ<\W\W|\|_\iam\\[*\|\0\X\5\\c;\'\Z~\vB\ܭGҳ}W\4uBݖ<\mQa#w[\0l~w\u\v4G `O\\OzlNӚ\r\\\r\s\δZ\\\(j\,v\\\2a\B N#>k$m?5\F\r\"M#f\F_Z<0;<k\0h\a\\\eLJH2\R\$4ڇ tv%y J\#YiN\\[\\Qs8}I@\sg0\g\rkO\3a\<\Nc\uo3^\rVX?{+0\lbJwB\\\7/JH3F𽹍\ޟ76\s [5\>\"w̙5L:\\\~AN\x8\\'\ZKøs\#qx\|\V88&s^~E\'\"\10\\0\\vOu\s\'\f,v.<	@\x\\"%\\CP\T\0\z,\\0v\)W]::[\W\\\"\U\կu\'\\\\i+\Zұ\"\?\\/\W\\8K\`x[.\\hz\\yn~+f\7	YwQ3u:P|r4W\ǘ\¶P\\6	R\0Wu7-6=!ڸB\bG\m\PC<ê\\\S9\x\Ӧ)ѭV\\n$v4핑4u\]|\O\ˋ\2zPu+Иz\n\<V\sQcz\ł\\ig\f\=\WN\5\t[,\'O\ȸBB\"\\.!g^\\ϚQ\FN\f\\׽B>#Vˍ*\\Tr6W\\rsuj-r2K1B\\(PVUcӚuw+\\S/<\oI}\\=2\ow\og[:xV\ʚ\R̮̯8 ymJ\W8\t\p\\\0Uhg9\D\VZ\1r[B\W]^\Z\6}	8\JI\\3\#skS+N=\\Q\lj\-\8uEʵƶEDDz\$!\\p\\\Mh5g\4k&\0\\ڰ[᭸\K9\)\|\\\';T\\f\0nLG^`/Ͻ@k\\\ר`\&\0\"\\ZϛxޠU\r\5\6de\\Pq\)HE\p\\\r6˷	͆6Q\\0v\p\hOM\=&\G~C_e|Tz\Q/2%4\"h(>✿#Mնssk~}\\n6蘉\\\\V\.B\<\ 4O*)&Tvb<\\00۸\\\]\\m\'\"0Ag=f\\\'edo|\~B$0\\[\8\>:\N{ٝeC3G}gqSNKC³\R3̗ZuKnn |\\>bYP\\<d\H\\\CR\ud\l{\ԍpΚ\la\\ԏJj\چ\f	n\\$\\ubC]%!ť\a1_l\l>DcB2n\6S|Z[s?ᚏ0\$\v\Z/\2\m\\Rؒ.7\'c8:!\\߷zz$[.BKo\ey\7\_G/%I崛V\^mBHo=#Hb\?\\\\\0*\nDbHˈ\\P\G\ene\L\ZRr\\kt\*8\'\\\O\%6\琁\I\mm\tˣ\߷o,40\l/ \;jtld\\|\\\B&J\@$g;\]fD\CC	y\;cȚYh	p>ì\\n\>BԂ[\(d|\z\L\ro\\|P\~\\?~\ڑd\\h4\\_-\0\qlZp#\\MS:\\\ן\q\gm{XXb\M-.\-Ŵ\0:ˉ9K\)1\\`\>}>G}B=\\0e\\YDnw\^.\=Qs\K,6ŹE\\RO{S#n\re\-\\\\8Ͷs<ɫ\\>+p\T\'xY㻦?r|Y\Uދ9 oԢ\[W0W;\$ӄ7\\\&?\\$>\ݒZq\\ewVp)-\"\\\\"1kn\p \\s\o+\iy{{{\\N\\G?i2;6\{ꃣ%\\Fg,Tޡ\]Fi!2\\rk[ұ\b\&j9\\s3=@>˞R\&\hu˅Wk6\:\:l[[?<k=╏S\۝\\o_(\}\UY4m^\\]+rpW^w\R~/\\zPg0!f%R\;6\U^Bk\8RuL-\mm\\Q\"\\nm¹\gvGju2-vW=\\\w\\\D\^LD!\\0\'<\5\K\d-Ì/\qG\Ļn\%+\PD\'%xwq^\ޱq\p3\\w\\\\-M\Zu\?\Jq\> \`KKk\Zb쯻Us;xN\W\G>\\nig\#=w(\.\%q%\<}Cϒ|\\'ZS\\r2\e\Z3ؓ\\k\an\b8\ZV\/E\G?\F\\\\\Zo)/\ҥoW{\4gּ\8\=x396!ۜHsd?lt\O!\'/`]FƘ͡e\n\c\?#gП:J~Q~Wk/\?==.8\\\S\=.	&\\@\9\\<\\ t\(\h\q	k(D\k\"`W2\d60\9e\m軱aam!;0\Xfvީ\Wz\{\\\"f-wFⵞ\ZSG?bh\\\r\#[\\1a8ny\05k\C8`\C\05\VǾvZ\\;\6\ψ9Gb:T]5\%\\\\\\n,;tAX\#<w>U#7_\5\an\n\?Δ8f\\\\Z\{L\'%zb@\Z;N\CV|6;\\l\:uM>\"d`\,\\/>\TO\Fu5{	\S\r⨍\HaVQ#Di~#U\\+L5Vq|GA\Q\\ ek\\'\u\P\a\m{KcR[-\0\\AK1~w\<\+>\٩1/ʓ6\0!bt\[\\\0\D\tk\\~K\o7pZV<\<qF|\{V2߻9\0\<!\|\5\\\\E2fnȸ%\9{; Sv\\\S]`\n pD%n\ZF\'\:j\Z\\ix\\=\\CE\\axf\0:HH<Ua\d\3rVHFO\_ߺ^-E\Ze[6A1\	)D\p\\i7c\v2\bD(*S\2s\O\\G\O\ei6\\7\Kh([\\_Dx/Oˡ[\c\q.\\\\\Z]\ߧ\\fr\\\\UkӄCih\J\?\pnV}j\'h\n|X\S\iml<Ç\Am)\$\\V\Zj߄\	n͢ܣ\\\ZfB\\~A\|´\mˈ\xs\̸>\S>{׿\a\Z\K\\y\1\&p<\>$*F\\np\Zj+rV$[5\"26q\\0O\UOW+\~d\\>\\oB\g<>\\߬\L&\v$\\r	(+Q	\=q\iL\\\\\P \D\\\;/6\\'3]\5>:+́݇>\k\c,\EuǏk2\3A	\+\\\:\\\"\\n\lr\oDt#<\M\\'\iG\m\*RۢE>0g\nx\<8pÙUƙ\.ַ_k\0Q\\\mqtjЗnS6\u^g\+Bħ\P-=BBx}jjɦ\(Z\\Vzz\BF,d\\\].:y0>\(F9/&?ګH\\gkK@\tǾkȳsu\\\\n\ˎ|dzL&.\\\yP\\|\'cXg.\hjad{\\\\_I<\-$F\%=nx\\X\\ϟM\\\\\r\\ꃄ\sPٽ,\09B1a\@\X\#\F\569@&{\ʜ>f\Hmc#\n\C\Yh2f@%B}\Ψrs\J\I$zY\m::|\\|QflR:\\.7\yϗݷs,[\"\#~x-탱\'\\2\\P{R[\kZg`a{ձX\+\՗\|\\b^JB\\089F|E-Mr#<oddz\):\F\\hqʴڶ1`\"DwR%\~#zgκCň\\\D2e\\\-\0v[c\Z\-h_=\r:Y@-}\LS9ϋa+Zv\\\z&L\<\\oJJ:c\\\y_uoࡴ \a<S\Z\Ï\'34K@P\H=\8\\'`u\%]w\4\\Aw/<z\tƀ%\\3\\A!g\iA\n\d8\`pX\G\"N;?\\\GK9:\0:UGqm\rg9;Q/bl\\\9\MGq8\Poe\)Wm\nK`uRт\\@<\raծG\QBؐz\\>Bu\Z!cwB\0\=\\\Q\mo8\\'No)7=$f\r6,\0oސ\Q-n_u\9%vqh\)e˫\Z\rE8FzC\\im\\D2Q\S\$\r|\0K\\O,mB\f\S.Q,\\bl\Zh25\%?\9c>?>?\I&ʧ\n{z֠?kG*\\0m}%\6@\0`\og4~\1T~]޾4\'8YDRZE(\II>\0dWs\\bnNM\\\Q職\4t\0vQ\M=OsQIKA;\"\0eDF\\06\t^|s-;ǒ^9VK9\\\Z]S\Y~D\\j;C.Pw?JmiXl?\|e\p6})}Ӈ%Mpa\\<;y\ZDɑ!~-\t\+8ɨNBj6bkH(í٣x\0z%NC[A\3\s\\\mʹDP*=\2[\i\@\¡tݬ\\\$ԇ]oxq\\\0\pڹ\]e\pG8y~UY\WIp\p\6؎!h^Pq\Q\0,C\3d9>_Tԑ\O\Oқ>@l\\A\Gy\\Z\sP\{\y˼\)\r(xC\WVuݸ5	s#>YXC1?\k~\\\-y4~LA.\5m\"\(t?##p*\\\dnt^S|KÑ>RKVі˧\>ڵ\\n\ڳ7۬o2\\!/$~H\q@hWtQod\b<v\t\\\\p\m+t\\\\[[C{2V?\ra+4\pO&x\'{fyW\/#\\Z5\o\\"4ڐ$sw|l#j-n]mG9$n^DZ\l\'\\ȵƑЛ5\:\Ѐ[jș\\yCۢ_Θ\1ˀ	ؐ;\x11G6\cK{;q\\`5Ud\ID\VAhOo[t\k\-d\{.\/qIRL\\rGuy$8\\\U\0O\_#O\\pȚ\?8\rh\[\y\r\\Ө\zZ\8+J\i\!o/ݒ㍐BNN7&\׭#Æ\zgPK =uTҺ]ow?\n\8O&\43k\\\7\"\k\C\7!dƭ7xze붣\"7A=x\Z\˸\g\t\\ϙ_\\<,\!f\S>\rW\|\-6\_\Znf˒jqxxu\n\\FF}UPzJ&>޸Tvۏ\?\ΒrD\rAͳ}r6\\@ߧj6\\78\%P\ǖ\!cg{gƞ(G\ֽW៧\wyw7v|\@+rx%\(\u٫ޫj$U\"TX`\olcQ25ީ\6V6_\B<hH+\\\\\V%1\\<Ħr\\\-z\\k\^\},W\;t=hk\\fL\r\\\s{\n\";`[f\w(O~\\qک<e\\\\\/j\jLs+%^\0\ϐo\u]\x\n3\r:7>H\ j\=czBfk\"^*wř+PKm#˫ʷvE\\\\r4\ZS|_\NFGsV\7:h9͐\\PH|ez v|^B\'T\\\_dt\ yT|K&\-GsCAɳ\b{\:\\);ݺfDf\\ˍq\?\П\nR<7\'j\\j\0\<\0\\WϦG8ugĞ_+|=5\M%,vȂ:\\A\^cڦs\&\È\$k+\\U\\_P1}8\|\#\0=w;\V1Cj\\;\.(r\Fǳ\K\4\q\\\yY\p=fd\0!gk9rͩ<q\\`S\3\"Zo\ߡ\ʲ=\T]m\\T־s\Ϗ\]m\\c9\Z]<y\(J\0x\\n\k-^\\=G:FH\\6&tqn4k]\/~ݍQ\\ݷy\Z|\.%!\V[C\I\J3\\\	3u\]㛗=\i8\b|WZ.+?=|Kx^^b>aZ\9h\=:\e\L\\d6\?^>G\]e<F:k\H\h6\l\6\\+ \F|SoIu9i@\\\\"\0\rv;..+\oѰ\fT8\B4{\;lk\?7VW\1\Cq\S\rH9	֛!F#\HŒVs\r.\-Rgm\\/5c\\-V\0nH\Bz\-`yT48\\^G:ۈB\{U\;e[Ź5=ߏD\E%G?\d ǭi)m\y\Z\ov\uBo\L\\0!\&\\W9\4Y[O\?Ώ\~\8\deV.[4H8\?=\\Dĕ?\M4\Q`\O\h|Z[Dd2[F#\>=>\\\0\0\\Rg-\uxh\u?g\\(5R\Iψ\B8A4\_d\ ~ۯ\^\!1\Zw>\IXѥZAxLVԀz\+!\CCu~\@\\=-:Ԙ:_\\n*8\i;\ 哑\7WH\i2iЗڅ\sp~5#,SK-Ci\\'\\ccXk(m\\3\MC\\?ͣrx\jJa#N\Z\\[$,SUڠ8t\9$,\0O>e\I	BOo<\M\"bHa#c)b\\\\zו~\\0e\sƾ#74\Ԇ-4Fb\-e8T\A\t5\pzLڸg\'\H\p_#x\}ib^\}#|\7\K~q\D\V\r9w\q\?\q|3ID6Är:c\Idt.E\\'\M\0sF\\ݮ\0GK@w4dtМczTR**\W>\Qᵫ\*]\C2g\\83	\\S\\'ڽ,\Q\\m\@	k\\\ǌ:~\.\\!pꐴ\\#\"Xwe\\t8cp\\hh\\h&<+<϶\XP[\|m\ۮGl1\\Wk\\<\\\~FW\*\aҋ\Z\\\\r\gs\s\\ =P|i޷{6h\Z-\n+(\r\\\\\\\jT-J\[:\d\\S\\IZ\_Q,;,\\1\\\s8\o\\"sh5F\N6l\J0\ 1ȼ\.6\"_&\fMaY`:m⛳\"\\Z+\\rٗf\&@Cc(\\}E\\5l#Rv%\qx6\m@ܞD{䏼-ͷfqLt87\\Gk@M\5\\\L\lȲXs\0w3\\\W`\iQ\6\Z;eoVjT*k(fTm\\;\f\Qx&\Cf\\Z}U۸y\\z\j\\\ZR\\i\,\mm\d\\\\_\'.e\n\\\Yy\zZ5\W\>#;I	5BEu׵)T9&4nY\?;\+N\\}mt0\\\\H?/RCc,\dv\3\5(\t\rϨ\\WT}5x:\0%BU\q\^}\DqN\Gx]y\09/ħ\;t)#c\k\\6L\iV+r\s1Ǳ\&o\\~\"\!\w&;\\\4U#6.@~hfR[\\q\?dd\\\w\IaDvӎW\Ԛ\<\঑\i\0\osBz֕\cDb{$\$<\[\B1ڻxCē\3R\0\C#;\շ@?e\h\	>;\z\Z\c\x\Ҝ6T`#\'\\nˇ\fǝG%\\<k+b\jj#\{\xIb\\\EM\A\aDǚ\8s\j\Ibk+\gAˁԐ\DV\?\dǟ&\5Yv3u|tP٤[0qv\ޓ\ֻ\Mݛem\/)J\2	\\lᣘ\\m6\ru\ԯ1e\bj\^\(\i\Pv\Er\=\'w\-Oq\"Z.C\"zS\\\EY+}\=/vF/_a\b%\|=?ȇ\0=\.\\x\\lҤIl\v\Dt0\\=\0UŢ\\t\\&\mCeB\2ۛ\Cc\*0\|\u>\\\6?°\"\\t\rhIk[ЅV}4\zr\2\\Dgq(+cn\X\zk]ob\\0cʯSo\re\gw|\z\L鋥\r\+Lݥ\\\0ۈ\Hߐ\r\\\V\wᅛzac\b\u\q9\=\Z\\C\#>Y\&&-sd\PA\KGj\Bgi5\œEhK\B\R\r[˰oɴ\}k^\\hy\9Sl\>M6N\2{\|ޓ\5\\f\̀\du\Q+\\]ϩc\Fe֥\JG߭\\d\Ę+o0EH-+zot\ozt\C1\G;V\0\0$*,\";|E\r\\n\\6\"0	grY>\iA{Izݨ[I&\qVw-\8>t\\]\4>Yw\p\\5+!\\rR\xV\0\'Ρhc\[8g2]\M7&K\.l}8`\\hر1\\lrv\QiY5ʹBI3/\ZmahX%*w{ս\\\pn\\8BǗSF<I\u\iW$3\8ԂkR\\p:\\Z{mp!#-4!*\6=\I\X\t})l|WV\#\MVX\ƽF1	\i\{\"K@$\\T\`/zM\ViWX!\[@\\\4\\Kװ$bT\3g\\0 \Fy\u\tG ҩl4\P8ǭ\"\:\0GVU\0UѶ\\e0@p:9_bpj\ZwN_c7n-\\"LW\}qgCa\\\*e.E\0\a\e~>w+#{TnZ5[Q.r[ \l0{RȤ\k,8\\m?Js\4W Ɋ\;Π\\eg%￥6\NG\\\8v+i8\6Kn)l|\\#7+\r8\A=\)Qq\\jqg@ɢ	x.G\S\\\P\]q8\(||wYmւ\/\u\\\8(;C@\\LظB2q)eHo\>$\k\\G\ӎG\g!\2\[\>;\EN\O{]R=@[\\t\A%\r\Ǟ}h\$\"KĶZR[qr\\#-ԣ!ޔ\\ΰ>o\0\Q. lz\V\tm\?z:Z\b8N\\\"})\4c\'i\nfcsNtę\=@ȋvʿ,?\nSY\0GTck;\i\/7/P\\nd߿)(^D:\2}[X\`\)\r\e\	\"dG&\pS/yQ\0\M\\5[i\n`{An\\t[\XJܓ=\NS($\wQ\0i:V=\n!Fθ<\9ūn׳4\΀\ZھZ^ya??>kmN˼ÿ\\ќ|	\^\d=+Rz,JKE\\ϭub\-7\dT>ۯt;o$\0\\ygDƟjԷɵ\s(A\\qlE\wr\I.a\JZ%dxc\"\ztU,)֥\KZ\/?;\\\<Qu=\\\n$iM\\\+̎S\7(\ޔ^\݁k\1.K8Xp\0U3\\5\D\\\-\Z,l\\0^{\1Vj5\[\ji\ÉHO!\\lgδ=1lj53Im)7W֚hk\z5L%i\9q\Zs-4܅w\\n\n:Vk\\\0\06\\۫|h|\F\M\'q\z]\6n\ #s\<c\Gg\U\Q\n\&t^+5\"\=Ь#\$!\Mʼ|\w\b\0]a})\\\ә\\5u/G섒\|@E\\Ccm\\k[\\\ǐ. #`V\gj/ֻά\_É\e\[a|\\%,\P\H\9\|\[\0\rZ暶\\\\75\\"Ael\6+>#4\]eux\'\s.P;ξ$\nժ\͐>\\\,׀\\"\#ҿg\wT\j㬛-M\\6\ߣd\r:A_W^4\\\uCmS[\W=z[ͺ\'\\\8ˀ\\g\|λO\EH쇱дj,]\ݦv˞\yߐ}V\&[\\\vٲ4u\4\3\"J9\p)ުAoS\A!\\\)!c(#&z|\\\\\Qn%sܲf\te\Pg\\olU\\Sf\9I֨\\@\ZI\"\\0\\wΝj=KtvuKn\\+K(=xN[\'9\n\\9\[\ruuu\\0X(@X\Ef5E\x/K\It\\-\É\\\:\Oϱi5\\\ˍyD\r\BKh8py\\#\\\QX\\rTK*\0eOm\Z\\\Kl.%ݛ\߀\6A:\>ua\snu/\X\\qP\0_\L eWX\\[1&@\\\\Vߨ-\C[(VG=~Z\\_Q\Q\ZFxK\$>.Q\"S.l㍧\S^\\oa;B2*\D\1@)G\\H=\g\\\Zp{K/u\\/jԐ\\\\r\L\!7ٸmRDk\S@!B\\'\\lUl\\\Iim۔Y\\QQn)Z\/}|t\\\\=,Zm\a\NQԛ΁G~kB\;y	_<$drFR=\d\p\Ė\\:\TIG\\Of\>\C-|PUG3qxgE{\\q\\Xl\tT\\\0ڞ;\_;\%2<\\k&BV$\	\r8\\\?\r8\NHl\\\0K8J0\\GES_Ys?M*GUm\\\\i\bۈ g;-M1d\\̅wG-\C:\Rϻ\u\ZY\TAe9<ڦ\\j;8\\H\G0%o\\h\R\qL\;BWɓ\0\1n-Os-G^\s#2\Z\2qȌ̆\\Z2\\$\'XUv\\wBf\1G*l\0s*\\.-0F#`\'5\7;\bJ9\;\gŒF^KZB\Zz!%|Nge\ `dܓ\Jh\G\<Dj\n\rhq\@3늍\\\re\n[e\ڮ:-2,rZ:\H=v\>`S IL\\SC>]\ϊ$\p8\\~\C\h\sbꮠ\e\\(\r\0\h{h\/	\(\_)\\}\(Pߑ$\	\1PRK\\"J.6ǸX\h\BS\ \b}O99\\EPTi\\\a2O\\0\04\C\9\Ol/9 mMrcR\⓲[\ޣ@SY\"\A6\\\vC\\ʜDa\#fӕ\\I-\0\\r\MD,r(O,8\\[cr6ߵEӐ\o2_E\y:ˎ,yzS؅n\mN^t\қ.\"\=8\R\F\R1R\,tK@Y;ϥ y\Ѵ\u\ʻ\y;\\Zq|88>E4o\ڙU6\0Nƕd\jm@h\\@5|՚\v8ƻ|%xq\\+A\\O[x\J	\0\% ^y`1nr\&[\)V\:\J\L/v^A\l\-\nL{9?5v\erZy)\rcqV\,O>Қ\"򅴋v&\5\'\\iI>Dxj\W[g/Vgc\slR^9gb;u\_\lVF\\s},r6\,`\\?B\r3f\pj\OQic\/<6\\6-HL\vktDݭF#ͳ\Ym\(>\5pȏ4\\WL&n@ܳ!9\"!\ZZ34\\<F\!\0c5C\\H.\!\\\\B\?\ŸC\\W~\lBKr\.-Hwf\:O\;\\\\ګ\\\\Cf\⣨\r0\\\\0đ\~9\\Pז\\\}ᦤ[]Ά(#9C\gM\5\е4s\\\\ީ\Z6]\C:v\dO\X8r\:\\mc\\uz>H~\$[\\u,6;p\nyOυ٣$E/дikVΚQs\\|D\W[\jn\8@}^\\Ld:\4w\ի5\\\ZH\$o\\Тۭm?uG\pyf:Q\Zy\`[\Ec8!@\\U\h6kS\zw8-/\`*o\\ڎ\Lx\D6\O_U\8\\Z#V+W\r@uίM\v\nmyg\Y\}5 qY\"i\\[lA\X\';ɜ⫇\r\\ICxt<\L\0\9\C=\ZD\K\`a|\\\)-A/\e\/\r\O\b,O\\n\\"\\ү\y/I]?Q\\	t-h\0B\\KRC7\\=ģ\\n\>;\U֌(lB\9Mz<9\;\۰忿\\W\"\ʵď^\-<\\ʴ\8\A\\'iη\|\pk$\'\\\]A\x\e\DrY\-c\^\0L\\\%F@Y-c\,\%GB[S\NZr팊\!Y\GrnCq\\"\f?g\y;N_bp\WJ[Hl)vx\R[\0Ο\\J-\iy\t%L\0\F.R\4º-Ѝ؂}\+RC\/\\517Ht6\tc%\X?\a\\\o\G\W:~ul~\()ˌb\R4\9d~Bs>cXxsDՖm7\rExF\\43\rF0̒sRAij5\֞%iǛgQٗ\`\_x\cν^?h%XX^M\\\0j-\\9\@~\3Dj![w\0,(llՅ\\[Ne\r;\5s\Nӗe_\\?2q\\\̕Ph\Zg㦴үDvKqP\\nL\ֵ\\C\+\Ӛ}̵\W\\D#մ\s\6C\\0併y[?\3\ZO#\8{!4\c%\AW\4AU\\\U>H^^\-0\\\>\\\E94돗\ˇt\0(1\f\Za\\r  u+BQif(Pkb\"A\k\/ V\$\\y} bK\0\Z*\Yk4-`v6\?0)\\"0\u鹦Snn]rnd6@+so\<\%2N`k]\WSޫ+E\\yiяnZ\\AG@\'\\V&綹H}\c qs\*{O\\\a$9^>Z\[!G\\6\'\Μ[\\DV\\\0Z\&La:e\UX\I,00G3ũ_P\\H.8L\XGmǙ\r<#3R\\0];\>\\E\\\\Yq.!m==\n\\KtdHu\\?ԌUD\'̣#taۃ|BGP\L6\0\ozJ\Z\\S03m\E8\4w\\\\OLy\n-AyQ\Yی\\@eQ\&U\"9B\@\0*EU\|=\\\\Z\hzIHѓ:\\\:[U@U֤i[e\V}?\V\rU\\g\D~	,9F-{ն@x0(|\z?&(x4ɵu#ʎhrrQjot\gN\CtiA|\?\N\\F\\Aq^`4㮾\QG)\n::Vښ\ޫJe->>t3A-ƛ~R\\[\\zS\DAqyqΛ\;,\0\G>A\G\\\\4gVT\c\ʗ\\v\n40O9>ZOyL\rc%\>9\r2\9P\U!\\du0\;]籒1>a\n\'z\H\0aV\nZ{TiI5q\\r\Z4}1KRQ\I\֔\UM!\&\{S\\\\\Eluvq\U_\\n\/\$^ݬ/GX\\47d%H@^f\È̥\iQmyNmIP\"8 \t}Zrfǟ՟FY|v\0w\T3w\Z\qq/e9܎@p8`\3ZxQ%}`MV04l\E`2I|^Pu\sU_x\\9\X0\S\eG\Z\'ȸ3\}15C\tz&⡭;T\;WBN\\?p֧B\*/\/z\vu]:o\e\\\ܜ\P<\0.Ϸ& sq\l@\Aߑbz\V\W\~\@z\\ni\]\\+D\۩#ص\'dh\1\Z.$SJ\x>\[\nӨ\'.9[Л\%!^y\H#\5jPp\\7\^ۀ|K{/Fջp{Vt$KɎ\9!vr,-\nOQ9D8Z?l\\4ޢ\z~\"\\DL\0\0Hp呚}oi,PP}\"8=\\EYxEyf \k,q((\\inN\\ E\S#i-ii\q`Yf\\n\wS!渂ղ4V\#ɆYǖ1wf_\^\v\&\¿u\B;\W6j\yW\\uM\0\\\\4e\\+KAlze\0Ë\r\0f\(\\Y\\X5)P\Zin\Md\'\©\ZnƦ]\\\:\򟖅\\\z.(?>JȭT\0\0O*TպvרH\]#$6y\\\\57Bj\PV5/0ص\p\\\\­kfey\\hީzNJZ1}\[Xx_aL\E\ֽ,۶ݲ3պfǩlS-7lIQ\2\2	\r\=\T8̼m}X́*\E\\\X\\^9Z?ia\^.Hf;\wpy;c\R\\#xn\*r3?|Ih9ۋ\v\1\5Snt&\\\-\0MJm\6G\Ko򪃎np\#\\TEC=-\i\\~\\Bq}Pv>\k%p\dVh\\n܋J\9ўbW:܈IkoFDf\l\v^\r\7틇opC\ϯ2Z\ZZ\B[J@JF\0\0)B\"\q\]\B]#\nTW\G\~!u\:~\7Հ\]HB^\5+[I_39\Z?N;gdw0vǥghQq]}s\n1΍\0Kh\=\eD\\\\ \\)暍g~\-\\iX_Ldt孲w[o\'ǵ<eFÄI\G\Zl\6\F+O\q\\ބ0\%9Jqw\B.\\P\Z\\yaI\0c\\V{\H\C\r!e>t8ڭDk\\1\K\\ƚ\\Lm\!\qB_M\ak \J9\\{G,\Y=?п*YhYGy	\AQ\2\n9Gz\ZC=B\.\ژ^\70\%\!gH4\%F3A\\\;c(,p\\kc62\\ n~5!T<3j\s\e܀\\0~\\\6\0y\C\\\nM2\k\ez\TG/jϥ\\u\'n9P\\}3I\m\\ӄ\R\R[I=렄 \rS\?zЍ\q0,q\E@fmd\\i\Ђ\\Ɩ\0O1\\'J\p\<`+ڑ\5\A\R2p9\20\V/Rㅰ~Z3\uRP\?Tt/\\{WiN!C\ޓ\\kk\\0\A\\\9mC\0!T 5\g\rO$\KBp\nsJ-|Р\U\{{MR_YJʠ[\pt\T\dՒ[\\g&K,6\X@\\T\r_kmx\\\Q\'\\\\<\tBf\\rTvTN\	Iu164\6r2\\? Gk^\6\as; mM@XŷAi>Fi&uG+.l\\BӅa)\}gð\\y26(\rlT\G\[:/Sk\\yzbD\}ԙK??֖\U\~֊}Ö\ri\rp\'Xo\\>E{b&\\Z\E\\\]<\l\q(q\'\Y֜ӷ-Ot\dרQ\\Z\Cr\Zp\\ް\;7f\n֛\\kⴘk-3\[\\\}6\0\Wف\\3\	Yˉ\aGO\<L\\q\ԩ}\<\!8vk\\\{HZˬ-yyZ\9A>gޚMRfĬ*kB\h\\\X4!p\M\+X\ޅnQBP\:m\\a0P%\0}A\އ}\\8zƮ×tE|G|3!\ݷQv#z|\V\\k뛾]\4K\0\\P\\F\\r\\nvU\_\rlro6\[%.D\K\^y(+8\V?޼|\Ouܱ]tg\r\DVL1[g\^,\V|{%\ƈ\\g\tg\\W\pj/\\_:[F\T|PGI>TjQTy\nOUp\Z1\\n3;\NpsO_hϑ\0]\'1-\B\M+q\\qa\d\ږ\Ə\NM7ŎRFWHL\\\nZ4!+h[6qg[aY\8y\PG\S[j#\(ߞA@$mw\\U;Ԓ\\\\7O\m;\ή_\zneNyE	Qe%eOJGi$Guޓk.)C \o\N]k-k*%~]\au\@H\=}j\0SJ*\֘WL\YFOG\Zdt\{\\^J}\\=\%v\r\ \r\r0(!x9H\0\r*OA[\\\r\0]qA\v\Qa\.76\yJ\r6\ͭāiRtVN\\:\g\to\m	X\?j\Ԋ\\\\sH\"j\>!\F\n6A\9Qi\Q\HdG`\(*I\ẙ)]{g6\1\\F}\@Kv2oS}s)q\<\	i\\>tm͏#Kh9\ڐ%K|\I)\\\%H[k{N\r\0\n\\@QNT6@񸷉\@ȟj#`\w\%͑\\R\et>\(R\0\Zr4KW ̩\\A\!\\?7\ыh\;P{}h\v@<j5J)\* \|\=lR-Kmm##4VAn*ALFy\wjޙ*\ڿFk\Wɵ\S6ke/\ʝ\~ \y7T\nxk\\YשB\u̨\n1֮F\\q\\l\Z1\\\xG;{UYP5Zњ:٧\ZaI6\&#e\n/u\2\0\\\Ր\\40`\0\{vaU\s\N_w9s>\!V>MCʹFU\xV@=\sE\OF[9\;qb\n1$\a\3\3^4\/B\^e[_ek˶n\/N\\>/H9 dr܃\B+;\uPKkGQ8lNjU\P#^\m\{^CI=@;yW\\}6a,\uȫ٭J#Eae[֘L[y:\\":\6D, Y\yU\\ߠ\n\\\\:r\tӕ\cDL-FgZ4\1B)\\ڻ]Oz(\7:=\nd\Z\Q\JP%E$\\AxuNU\l^aE\\0~Km~\vaA\0\מ\n\\9qW;|ˈU\	i\V	XWe|#s/tLmb\\Z_\XJ\:[w\\\\ڠi\Z\rc\A@Q*is\=\"+1\\\\5Go\]O\(R@\kxc \\7z\NC=jI:,\q\\B\5Y\Z+E\[p25\'&/I\-t\\doX\\NߓĨYWiQĶ\sP퇱\YmY\c&EVC\\d?	\$6=[_=\[\Ag@ \h\4,abI\n9 ,xӟ#\G(\\0}+&\nZI(\S&c,\u\r$ɩGA\ے\(\	\ԩ\\v\\0,mk7 q*r\H\r J钦3@s5\\iōֲH\0\n|\|\ `(\GˀT)& uk\\hθ蒶n-\?^6$\Ym@\n\0\0m \T$M\sdzRg=GEBs\zHb\t\Ί$\nCA\\Z6\\\?-ɸB\i,HYK\q\\S\'\$\\x/\>*^qGG99\H%PoD:WʊZh@	G\'b\8gjx\\AH\\\g҈\o\+?{`	\\c\0\ȩ\\\\\rAt-5!4\기|\!\U@B3-\C;\r&ˋZX9?wNqބV*\\{5Eɡj\-s	\3]\0-E\>Tlz\iP=g\o*\o:Ƞ悑]\\\eĂ<\\ڌEB<\ڀ\QhTk6H\[tL\\rZZ\Zc!qL|eZJp;W;sԫ>\c\ᕬn>\n\zo΁ڳ9k\&^i\.\j8\.C䝆vj\<E\\{\_dd\\-(leB\\]ڢu\]/3Pߥ\"}G\Vτ\0<\$\0<ɨ\,*\\%Cܧ-\\p	A;{Eh\\Z\m1y]ػnW6f\rّ\)MM\\%Z\\\Z\r\\n3\\\-\p\FZ)]|\jž*ٸ{w\m\i\/ϓ\"#Ah\\8;yU\\J̸\\qe*QI`(\\\C\Z%&u*eyp\h\c	H#a\SBɮ(ߵE!b犷n\d@\^z^W\{]Fl\\\\X\Y\Wmז\S<!5K>Hueף\:	}QY\'>H\ֳ\\<t6faR\"M-G;}Eq?{r\u\\rU\xyD\\\G+k\iѫ\m9\Gg$L\!>b=,,\ޫ\Ӛ\Z5e\lTe\k^z)O\>l6Ӈ1nV<\N)k[\מ~	\ʑD|r;ԉO\\ʮ+- ԬtxJq\N:[\4n*-3[KY\\bc`\\gʍ\Jmɵsjs\8\\\ޟM%M:[g$\Z\'&~D[YWaE!G`=\FRPx!\\GSBBCW?{\n0o>TR^\\=\OTߑRfQ\Ny=\ru  ]ޤ!\$3\\\@\0=\Z56@\\\ԭ\nJ\Z\)]ǵM |3\r\b=	?j1MD1ZyMz\n6?\\E\8HEM\`QkГ\u#=\ލ-2O\q:>\\Z-E\"cւކ\rE\\(R\8\=/\MOm\z$\r\S\0flqIYw\/î\Uΰ[%Lipp[(??(\m\BYr\Kd$!\.\'\3\ҋPZ3\:Vb\\֭+\"\0WeoZrڴrG\wov\\>\\Mi]\\[\\O\0N\%\'\Z5	;\\&\..\pzbe1Bpu9N=<9Zf\~\hvxpȱ\\ZuV\\q\㄁0O$֭娝o|!slumL~#\[nt֕4!Pپ\\Z!\r51m\-#+L\[\q\0Z\\f{XFҚ\d(Wo}!ż\\gtͿ\\\Ѽ+\Iת&Sl\Z.o=h\JЯ\@8p*kv\\%-\\\\zZ!I\!}?j\J\K\\Vy\\1w\\*l\\Q۪c\V\bZd\\#LQdy\Uh!ˉ1\r\.䷂>[LV\m\T_a\e\\L䛁i\WLzV\v\q@P\څ\n!\n!E\\޺\\rDСBB@vBB\n!\n(P+С\\n\n(B(PPB!B\n\n(B(PPB!B\n\n(B(PPB!B\n\n(B(PPB!B\n\n(B(PWСW1]B1]B!B\n\n(B\','\"Ost_cover.jpg\"',8,'Okami is rad');
/*!40000 ALTER TABLE `modalityimage` ENABLE KEYS */;
UNLOCK TABLES;

--
-- Table structure for table `modalityproceduretype`
--

DROP TABLE IF EXISTS `modalityproceduretype`;
/*!40101 SET @saved_cs_client     = @@character_set_client */;
/*!40101 SET character_set_client = utf8 */;
CREATE TABLE `modalityproceduretype` (
  `modalityProcedureTypeId` int(11) NOT NULL AUTO_INCREMENT,
  `modalityProcedureTypeDesc` varchar(45) DEFAULT NULL,
  `modalityType_modalityTypeId` int(11) NOT NULL,
  PRIMARY KEY (`modalityProcedureTypeId`,`modalityType_modalityTypeId`),
  KEY `fk_modalityproceduretype_modalityequipment1_idx` (`modalityType_modalityTypeId`),
  CONSTRAINT `fk_modalityproceduretype_modalityequipment1` FOREIGN KEY (`modalityType_modalityTypeId`) REFERENCES `modalitytype` (`modalityTypeId`) ON DELETE CASCADE ON UPDATE CASCADE
) ENGINE=InnoDB AUTO_INCREMENT=9 DEFAULT CHARSET=utf8;
/*!40101 SET character_set_client = @saved_cs_client */;

--
-- Dumping data for table `modalityproceduretype`
--

LOCK TABLES `modalityproceduretype` WRITE;
/*!40000 ALTER TABLE `modalityproceduretype` DISABLE KEYS */;
INSERT INTO `modalityproceduretype` VALUES (1,'Left Arm',1),(2,'Right Arm',1),(3,'Left Leg',1),(4,'Right Leg',1),(5,'Torso',1),(6,'Groin',1),(7,'Brain',3),(8,'Chest Cavity',2);
/*!40000 ALTER TABLE `modalityproceduretype` ENABLE KEYS */;
UNLOCK TABLES;

--
-- Table structure for table `modalitytype`
--

DROP TABLE IF EXISTS `modalitytype`;
/*!40101 SET @saved_cs_client     = @@character_set_client */;
/*!40101 SET character_set_client = utf8 */;
CREATE TABLE `modalitytype` (
  `modalityTypeId` int(11) NOT NULL AUTO_INCREMENT,
  `modalityTypeName` varchar(45) DEFAULT NULL,
  PRIMARY KEY (`modalityTypeId`)
) ENGINE=InnoDB AUTO_INCREMENT=4 DEFAULT CHARSET=utf8;
/*!40101 SET character_set_client = @saved_cs_client */;

--
-- Dumping data for table `modalitytype`
--

LOCK TABLES `modalitytype` WRITE;
/*!40000 ALTER TABLE `modalitytype` DISABLE KEYS */;
INSERT INTO `modalitytype` VALUES (1,'Xray'),(2,'CT Scan'),(3,'MRI');
/*!40000 ALTER TABLE `modalitytype` ENABLE KEYS */;
UNLOCK TABLES;

--
-- Table structure for table `modalitywarning`
--

DROP TABLE IF EXISTS `modalitywarning`;
/*!40101 SET @saved_cs_client     = @@character_set_client */;
/*!40101 SET character_set_client = utf8 */;
CREATE TABLE `modalitywarning` (
  `modalityWarningID` int(11) NOT NULL AUTO_INCREMENT,
  `modalityWarningDesc` varchar(45) DEFAULT NULL,
  `modalityType_modalityTypeId` int(11) NOT NULL,
  PRIMARY KEY (`modalityWarningID`,`modalityType_modalityTypeId`),
  KEY `fk_modalityWarning_modalityEquipment1_idx` (`modalityType_modalityTypeId`),
  CONSTRAINT `fk_modalityWarning_modalityEquipment1` FOREIGN KEY (`modalityType_modalityTypeId`) REFERENCES `modalitytype` (`modalityTypeId`) ON DELETE CASCADE ON UPDATE CASCADE
) ENGINE=InnoDB AUTO_INCREMENT=6 DEFAULT CHARSET=utf8;
/*!40101 SET character_set_client = @saved_cs_client */;

--
-- Dumping data for table `modalitywarning`
--

LOCK TABLES `modalitywarning` WRITE;
/*!40000 ALTER TABLE `modalitywarning` DISABLE KEYS */;
INSERT INTO `modalitywarning` VALUES (3,'Insure Patient is able to have XRAY',1),(4,'Patient must not have any metal items',3),(5,'Patient must have Dye injection',2);
/*!40000 ALTER TABLE `modalitywarning` ENABLE KEYS */;
UNLOCK TABLES;

--
-- Table structure for table `patient`
--

DROP TABLE IF EXISTS `patient`;
/*!40101 SET @saved_cs_client     = @@character_set_client */;
/*!40101 SET character_set_client = utf8 */;
CREATE TABLE `patient` (
  `patientID` int(11) NOT NULL AUTO_INCREMENT,
  `patientFirstName` varchar(45) NOT NULL,
  `patientMiddleName` varchar(45) DEFAULT NULL,
  `patientLastName` varchar(45) NOT NULL,
  `patientGender` char(1) DEFAULT NULL,
  `patientSSN` int(9) DEFAULT NULL,
  `patinetHeight` int(11) DEFAULT NULL,
  `patientWeight` int(11) DEFAULT NULL,
  `patientDOB` date DEFAULT NULL,
  PRIMARY KEY (`patientID`),
  UNIQUE KEY `idmasterPatientList_UNIQUE` (`patientID`)
) ENGINE=InnoDB AUTO_INCREMENT=8 DEFAULT CHARSET=utf8;
/*!40101 SET character_set_client = @saved_cs_client */;

--
-- Dumping data for table `patient`
--

LOCK TABLES `patient` WRITE;
/*!40000 ALTER TABLE `patient` DISABLE KEYS */;
INSERT INTO `patient` VALUES (3,'Test','T','ies','x',0,0,0,'2018-03-15'),(4,'Robert ','C','Cromer','M',123456780,72,225,'1994-01-29'),(5,'Angry','R','Testy','x',98723756,78,300,'1989-04-20'),(6,'Mickey ','M','Mouse','x',123456789,60,75,'1920-04-21'),(7,'Trixie','T','Tang','F',123456789,78,90,'2001-01-30');
/*!40000 ALTER TABLE `patient` ENABLE KEYS */;
UNLOCK TABLES;

--
-- Table structure for table `procedurelist`
--

DROP TABLE IF EXISTS `procedurelist`;
/*!40101 SET @saved_cs_client     = @@character_set_client */;
/*!40101 SET character_set_client = utf8 */;
CREATE TABLE `procedurelist` (
  `procedureId` int(11) NOT NULL AUTO_INCREMENT,
  `staffID_technician` int(11) NOT NULL,
  `modalityProcedureTypeId` int(11) NOT NULL,
  `patient_patientID` int(11) NOT NULL,
  `procedureScheduledDate` date DEFAULT NULL,
  `procedurestatus_procedureStatusID` int(11) NOT NULL DEFAULT '0',
  `physicianNotes` varchar(45) DEFAULT NULL,
  `procedureDateOfRequest` timestamp NULL DEFAULT CURRENT_TIMESTAMP,
  PRIMARY KEY (`procedureId`,`staffID_technician`,`modalityProcedureTypeId`,`patient_patientID`,`procedurestatus_procedureStatusID`),
  KEY `fk_procedure_staff1_idx` (`staffID_technician`),
  KEY `fk_procedure_patient1_idx` (`patient_patientID`),
  KEY `fk_procedure_modalityProcedureType1_idx` (`modalityProcedureTypeId`),
  KEY `fk_procedure_procedureStatus1_idx` (`procedurestatus_procedureStatusID`),
  CONSTRAINT `fk_procedure_modalityProcedureType1` FOREIGN KEY (`modalityProcedureTypeId`) REFERENCES `modalityproceduretype` (`modalityProcedureTypeId`) ON DELETE CASCADE ON UPDATE CASCADE,
  CONSTRAINT `fk_procedure_patient1` FOREIGN KEY (`patient_patientID`) REFERENCES `patient` (`patientID`) ON DELETE CASCADE ON UPDATE CASCADE,
  CONSTRAINT `fk_procedure_procedureStatus1` FOREIGN KEY (`procedurestatus_procedureStatusID`) REFERENCES `procedurestatus` (`procedureStatusID`) ON DELETE NO ACTION ON UPDATE NO ACTION,
  CONSTRAINT `fk_procedure_staff1` FOREIGN KEY (`staffID_technician`) REFERENCES `staff` (`staffID`) ON DELETE CASCADE ON UPDATE CASCADE
) ENGINE=InnoDB AUTO_INCREMENT=13 DEFAULT CHARSET=utf8;
/*!40101 SET character_set_client = @saved_cs_client */;

--
-- Dumping data for table `procedurelist`
--

LOCK TABLES `procedurelist` WRITE;
/*!40000 ALTER TABLE `procedurelist` DISABLE KEYS */;
INSERT INTO `procedurelist` VALUES (1,4,6,3,NULL,0,'Test','2018-03-15 04:00:00'),(2,3,1,3,NULL,0,'Test2','2018-03-15 04:00:00'),(3,3,3,4,NULL,0,' ','2018-03-25 04:00:00'),(4,4,4,4,NULL,0,'Testing','2018-03-28 04:00:00'),(5,3,7,5,NULL,0,'show me what you got!','2018-04-02 04:00:00'),(6,4,2,5,NULL,0,'','2018-04-02 04:00:00'),(7,4,2,5,NULL,0,'adsasd','2018-04-02 18:29:58'),(8,4,1,4,NULL,3,'Wanda is a massive bitch','2018-04-06 18:46:31'),(9,3,1,4,NULL,0,' ','2018-04-18 00:19:26'),(10,4,1,4,NULL,0,' ','2018-04-18 00:20:31'),(11,3,8,4,NULL,0,' ','2018-04-18 00:25:04'),(12,4,5,4,NULL,0,' ','2018-04-18 01:16:56');
/*!40000 ALTER TABLE `procedurelist` ENABLE KEYS */;
UNLOCK TABLES;

--
-- Table structure for table `procedurestatus`
--

DROP TABLE IF EXISTS `procedurestatus`;
/*!40101 SET @saved_cs_client     = @@character_set_client */;
/*!40101 SET character_set_client = utf8 */;
CREATE TABLE `procedurestatus` (
  `procedureStatusID` int(11) NOT NULL AUTO_INCREMENT,
  `procedureStatusDesc` varchar(45) DEFAULT NULL,
  PRIMARY KEY (`procedureStatusID`)
) ENGINE=InnoDB AUTO_INCREMENT=5 DEFAULT CHARSET=utf8;
/*!40101 SET character_set_client = @saved_cs_client */;

--
-- Dumping data for table `procedurestatus`
--

LOCK TABLES `procedurestatus` WRITE;
/*!40000 ALTER TABLE `procedurestatus` DISABLE KEYS */;
INSERT INTO `procedurestatus` VALUES (0,'Not Scheduled'),(1,'Scheduled'),(2,'In Progress'),(3,'Procedure Complete'),(4,'Report Complete');
/*!40000 ALTER TABLE `procedurestatus` ENABLE KEYS */;
UNLOCK TABLES;

--
-- Table structure for table `report`
--

DROP TABLE IF EXISTS `report`;
/*!40101 SET @saved_cs_client     = @@character_set_client */;
/*!40101 SET character_set_client = utf8 */;
CREATE TABLE `report` (
  `reportID` int(11) NOT NULL AUTO_INCREMENT,
  `reportText` varchar(45) DEFAULT NULL,
  `procedure_procedureId` int(11) NOT NULL,
  `staffid_Radiologist` int(11) NOT NULL,
  PRIMARY KEY (`reportID`,`procedure_procedureId`,`staffid_Radiologist`),
  KEY `fk_report_procedure1_idx` (`procedure_procedureId`),
  KEY `fk_report_staff1_idx` (`staffid_Radiologist`),
  CONSTRAINT `fk_report_procedure1` FOREIGN KEY (`procedure_procedureId`) REFERENCES `procedurelist` (`procedureId`) ON DELETE CASCADE ON UPDATE CASCADE,
  CONSTRAINT `fk_report_staff1` FOREIGN KEY (`staffid_Radiologist`) REFERENCES `staff` (`staffID`) ON DELETE CASCADE ON UPDATE CASCADE
) ENGINE=InnoDB AUTO_INCREMENT=3 DEFAULT CHARSET=utf8;
/*!40101 SET character_set_client = @saved_cs_client */;

--
-- Dumping data for table `report`
--

LOCK TABLES `report` WRITE;
/*!40000 ALTER TABLE `report` DISABLE KEYS */;
INSERT INTO `report` VALUES (1,'That\'s a red panda.',4,6),(2,'Ya got 3 cats and a red panda in ya.',4,6);
/*!40000 ALTER TABLE `report` ENABLE KEYS */;
UNLOCK TABLES;

--
-- Table structure for table `staff`
--

DROP TABLE IF EXISTS `staff`;
/*!40101 SET @saved_cs_client     = @@character_set_client */;
/*!40101 SET character_set_client = utf8 */;
CREATE TABLE `staff` (
  `staffID` int(11) NOT NULL AUTO_INCREMENT,
  `staffName` varchar(45) DEFAULT NULL,
  `StaffRole_staffRoleID` int(11) NOT NULL,
  `username` varchar(16) NOT NULL,
  `password` varchar(40) CHARACTER SET utf8 COLLATE utf8_bin DEFAULT NULL COMMENT 'use hash',
  PRIMARY KEY (`staffID`,`StaffRole_staffRoleID`),
  KEY `fk_staff_StaffRole1_idx` (`StaffRole_staffRoleID`),
  CONSTRAINT `fk_staff_StaffRole1` FOREIGN KEY (`StaffRole_staffRoleID`) REFERENCES `staffrole` (`staffRoleID`) ON DELETE CASCADE ON UPDATE CASCADE
) ENGINE=InnoDB AUTO_INCREMENT=7 DEFAULT CHARSET=utf8;
/*!40101 SET character_set_client = @saved_cs_client */;

--
-- Dumping data for table `staff`
--

LOCK TABLES `staff` WRITE;
/*!40000 ALTER TABLE `staff` DISABLE KEYS */;
INSERT INTO `staff` VALUES (1,'Doctor',4,'doc1','a5beb9d1b0e50129affe6e13e42d9e5f5942cda7'),(2,'Radiologist',3,'rad','bade5d26b78d94e5efb27f8cf03d43b298f69915'),(3,'Technician',2,'tech1','40807e40aa0602559be12b1ee786e225d17a8dd6'),(4,'Rob The Tech',2,'tech_rob','42938e89eeef40be506453f2825813bb920abf32'),(5,'Rob The Doctor',4,'doc_rob','4dac8dff73ea957392686e7bbd7a36c491a3e482'),(6,'#1 Admin',0,'admin','d033e22ae348aeb5660fc2140aec35850c4da997');
/*!40000 ALTER TABLE `staff` ENABLE KEYS */;
UNLOCK TABLES;

--
-- Table structure for table `staffrole`
--

DROP TABLE IF EXISTS `staffrole`;
/*!40101 SET @saved_cs_client     = @@character_set_client */;
/*!40101 SET character_set_client = utf8 */;
CREATE TABLE `staffrole` (
  `staffRoleID` int(11) NOT NULL AUTO_INCREMENT,
  `staffRoleName` varchar(45) DEFAULT NULL,
  PRIMARY KEY (`staffRoleID`)
) ENGINE=InnoDB AUTO_INCREMENT=5 DEFAULT CHARSET=utf8;
/*!40101 SET character_set_client = @saved_cs_client */;

--
-- Dumping data for table `staffrole`
--

LOCK TABLES `staffrole` WRITE;
/*!40000 ALTER TABLE `staffrole` DISABLE KEYS */;
INSERT INTO `staffrole` VALUES (0,'Admin'),(1,'Receptionist '),(2,'Modality Technician'),(3,'Radiologist'),(4,'Physician');
/*!40000 ALTER TABLE `staffrole` ENABLE KEYS */;
UNLOCK TABLES;
/*!40103 SET TIME_ZONE=@OLD_TIME_ZONE */;

/*!40101 SET SQL_MODE=@OLD_SQL_MODE */;
/*!40014 SET FOREIGN_KEY_CHECKS=@OLD_FOREIGN_KEY_CHECKS */;
/*!40014 SET UNIQUE_CHECKS=@OLD_UNIQUE_CHECKS */;
/*!40101 SET CHARACTER_SET_CLIENT=@OLD_CHARACTER_SET_CLIENT */;
/*!40101 SET CHARACTER_SET_RESULTS=@OLD_CHARACTER_SET_RESULTS */;
/*!40101 SET COLLATION_CONNECTION=@OLD_COLLATION_CONNECTION */;
/*!40111 SET SQL_NOTES=@OLD_SQL_NOTES */;

-- Dump completed on 2018-04-17 21:27:36
